price,rating,product_id_frequency,product_return_rate
0.22623118339249967,1.4555090959537125,0.5614021957062172,-0.8318715955555411
1.6120367064516095,1.4555090959537125,0.5614021957062172,0.1919703682051249
1.7132154646281772,0.7337690483733592,-1.1748932549315685,-0.8318715955555411
0.517960884301881,-0.7097110467873475,-1.1748932549315685,-0.8318715955555411
-1.4462951911613102,-1.4314510943677008,0.5614021957062172,1.215812331965791
0.1160364962695052,-0.7097110467873475,-0.3067455296126756,0.703891350085458
1.229432166161577,-1.4314510943677008,-1.1748932549315685,2.2396542957264574
0.3869436946121392,1.4555090959537125,-1.1748932549315685,2.2396542957264574
0.20469313090936905,1.4555090959537125,0.5614021957062172,0.1919703682051249
-1.3988542317051122,-1.4314510943677008,-0.3067455296126756,0.703891350085458
0.5798559520690173,-0.7097110467873475,-1.1748932549315685,2.2396542957264574
1.599085252965076,-1.4314510943677008,-0.3067455296126756,2.2396542957264574
-0.34141456527419733,-0.7097110467873475,2.2976976463440026,-0.21756641729914145
0.271382383116272,1.4555090959537125,-1.1748932549315685,-0.8318715955555411
-0.050328859289560574,0.7337690483733592,-0.3067455296126756,-0.8318715955555411
0.4172114560751436,1.4555090959537125,0.5614021957062172,0.1919703682051249
1.018058720862015,-1.4314510943677008,0.5614021957062172,0.1919703682051249
-0.7678823154385127,0.012029000793005847,-1.1748932549315685,-0.8318715955555411
-0.43307650956286986,0.7337690483733592,-0.3067455296126756,0.703891350085458
-0.3268173469799826,-1.4314510943677008,-0.3067455296126756,-0.8318715955555411
-0.7258795353468259,-0.7097110467873475,0.5614021957062172,-0.8318715955555411
-0.32431292227264186,-1.4314510943677008,-1.1748932549315685,2.2396542957264574
0.22587340843430806,0.012029000793005847,-0.3067455296126756,-0.8318715955555411
0.7228228253623566,-0.7097110467873475,-0.3067455296126756,-0.8318715955555411
-0.9235859772434709,0.7337690483733592,-0.3067455296126756,-0.8318715955555411
-1.6581695214023402,-1.4314510943677008,2.2976976463440026,-0.21756641729914145
-0.33247019131940886,-0.7097110467873475,3.1658453716628956,0.1919703682051249
-0.782837308690919,1.4555090959537125,-0.3067455296126756,0.703891350085458
1.6671340500131069,-1.4314510943677008,2.2976976463440026,0.39673876095725824
-0.028719251814791708,0.012029000793005847,0.5614021957062172,1.215812331965791
1.7130723546449003,1.4555090959537125,-0.3067455296126756,-0.8318715955555411
-1.2496620741392401,-1.4314510943677008,-0.3067455296126756,2.2396542957264574
-1.476849172590868,-1.4314510943677008,1.42954992102511,-0.06399012273504157
0.39896493320737497,0.012029000793005847,-0.3067455296126756,-0.8318715955555411
1.1610971491469928,0.012029000793005847,0.5614021957062172,1.215812331965791
-0.053334168938369626,-0.7097110467873475,1.42954992102511,-0.8318715955555411
-1.7182041593868804,0.012029000793005847,-0.3067455296126756,-0.8318715955555411
0.7106584767838444,-0.7097110467873475,-1.1748932549315685,2.2396542957264574
-0.9337467860561105,-1.4314510943677008,1.42954992102511,0.703891350085458
-1.1230812939310735,-1.4314510943677008,0.5614021957062172,-0.8318715955555411
0.763752280579469,-1.4314510943677008,0.5614021957062172,1.215812331965791
0.18301196844296153,1.4555090959537125,2.2976976463440026,0.39673876095725824
0.32003977743032147,-1.4314510943677008,-0.3067455296126756,-0.8318715955555411
-1.6826413285426416,-0.7097110467873475,0.5614021957062172,-0.8318715955555411
-0.7725333898950028,0.7337690483733592,-0.3067455296126756,-0.8318715955555411
-0.8275591784648615,0.012029000793005847,-1.1748932549315685,2.2396542957264574
1.5669570617194757,0.7337690483733592,-1.1748932549315685,2.2396542957264574
-0.5087101357245613,0.7337690483733592,2.2976976463440026,-0.21756641729914145
0.47381145446104495,-1.4314510943677008,-1.1748932549315685,-0.8318715955555411
0.46393686561495845,-0.7097110467873475,0.5614021957062172,0.1919703682051249
0.5171022244022213,0.012029000793005847,-1.1748932549315685,2.2396542957264574
-0.9482008943670488,-0.7097110467873475,3.1658453716628956,-0.3199506136752081
0.28383295166133765,0.7337690483733592,-0.3067455296126756,-0.8318715955555411
0.2678761885259949,1.4555090959537125,-0.3067455296126756,-0.8318715955555411
-1.5424650999231961,1.4555090959537125,-1.1748932549315685,-0.8318715955555411
-1.3866898831265997,-0.7097110467873475,-0.3067455296126756,0.703891350085458
-1.2620410876926673,0.012029000793005847,-1.1748932549315685,-0.8318715955555411
-1.0058026626358867,0.7337690483733592,-1.1748932549315685,-0.8318715955555411
-1.3989257866967504,1.4555090959537125,0.5614021957062172,0.1919703682051249
-1.6684734401982566,-0.7097110467873475,-0.3067455296126756,-0.8318715955555411
-0.0612767730102217,0.7337690483733592,0.5614021957062172,-0.8318715955555411
0.905288054040042,0.7337690483733592,-1.1748932549315685,-0.8318715955555411
-0.3605913030332639,1.4555090959537125,-0.3067455296126756,-0.8318715955555411
-0.6429473000380271,-1.4314510943677008,-0.3067455296126756,-0.8318715955555411
-0.4055278377821213,-0.7097110467873475,-0.3067455296126756,-0.8318715955555411
0.29649818518131804,-1.4314510943677008,-0.3067455296126756,-0.8318715955555411
-1.6048610526318008,0.012029000793005847,2.2976976463440026,1.0110439392136576
0.41227416165210035,-1.4314510943677008,-0.3067455296126756,0.703891350085458
-0.6566858584325822,0.7337690483733592,0.5614021957062172,0.1919703682051249
0.8006031012731974,-1.4314510943677008,0.5614021957062172,0.1919703682051249
-1.190128321096168,-1.4314510943677008,-1.1748932549315685,2.2396542957264574
0.5984602498949775,-0.7097110467873475,0.5614021957062172,0.1919703682051249
0.6265098066171944,-1.4314510943677008,-0.3067455296126756,0.703891350085458
1.1739770476418883,0.7337690483733592,-0.3067455296126756,0.703891350085458
1.3996614912691117,-1.4314510943677008,0.5614021957062172,1.215812331965791
-1.3210739557942714,1.4555090959537125,-1.1748932549315685,-0.8318715955555411
1.37604834402847,0.7337690483733592,0.5614021957062172,-0.8318715955555411
1.7452721008821388,-0.7097110467873475,-0.3067455296126756,-0.8318715955555411
1.5662415118030926,0.7337690483733592,-0.3067455296126756,-0.8318715955555411
0.18286885845968504,-1.4314510943677008,-1.1748932549315685,-0.8318715955555411
1.7723914427130576,0.7337690483733592,1.42954992102511,-0.06399012273504157
1.2627767922650286,-1.4314510943677008,-0.3067455296126756,-0.8318715955555411
1.0224951303435903,0.012029000793005847,-0.3067455296126756,0.703891350085458
0.22973737798277682,0.7337690483733592,-0.3067455296126756,-0.8318715955555411
1.5962230532995434,0.012029000793005847,-0.3067455296126756,-0.8318715955555411
0.11396140151199452,0.7337690483733592,-1.1748932549315685,-0.8318715955555411
-1.4848633316543585,-0.7097110467873475,-1.1748932549315685,-0.8318715955555411
1.135623572123755,0.7337690483733592,1.42954992102511,-0.06399012273504157
0.10809389219765332,-1.4314510943677008,1.42954992102511,-0.06399012273504157
0.6593535477791774,1.4555090959537125,0.5614021957062172,1.215812331965791
0.3689833917109239,-0.7097110467873475,-1.1748932549315685,2.2396542957264574
1.2290743912033855,-0.7097110467873475,1.42954992102511,-0.06399012273504157
0.3494488789936657,-1.4314510943677008,-1.1748932549315685,-0.8318715955555411
0.21141930012336999,-1.4314510943677008,0.5614021957062172,1.215812331965791
0.683396024969649,-1.4314510943677008,1.42954992102511,0.703891350085458
-1.2876577746991817,0.7337690483733592,-0.3067455296126756,-0.8318715955555411
-1.269625916806328,-0.7097110467873475,-0.3067455296126756,0.703891350085458
-0.1210251910282088,0.012029000793005847,-0.3067455296126756,0.703891350085458
-0.9467697945342826,1.4555090959537125,-0.3067455296126756,0.703891350085458
1.5190867723134478,-1.4314510943677008,-0.3067455296126756,0.703891350085458
1.1909355806601674,1.4555090959537125,-0.3067455296126756,-0.8318715955555411
0.7817125834806843,-0.7097110467873475,0.5614021957062172,0.1919703682051249
1.4241332984094128,0.7337690483733592,-0.3067455296126756,0.703891350085458
1.1837085265046983,-0.7097110467873475,-0.3067455296126756,0.703891350085458
-0.37826538596792597,0.012029000793005847,0.5614021957062172,-0.8318715955555411
-0.3491425043711347,-1.4314510943677008,0.5614021957062172,1.215812331965791
-0.46742290554925775,0.7337690483733592,1.42954992102511,-0.06399012273504157
-1.7281503032246055,-1.4314510943677008,-0.3067455296126756,-0.8318715955555411
-0.3196618478161518,1.4555090959537125,-1.1748932549315685,-0.8318715955555411
0.26830551847582473,1.4555090959537125,0.5614021957062172,-0.8318715955555411
-0.20045123174673077,-0.7097110467873475,0.5614021957062172,1.215812331965791
0.030599836253365525,0.012029000793005847,-0.3067455296126756,-0.8318715955555411
-1.5471161743796862,0.7337690483733592,-0.3067455296126756,-0.8318715955555411
-1.0722772498678745,1.4555090959537125,-0.3067455296126756,-0.8318715955555411
0.4729527945613852,-1.4314510943677008,-0.3067455296126756,0.703891350085458
0.05120767384519818,0.012029000793005847,0.5614021957062172,-0.8318715955555411
0.25385141016488666,0.7337690483733592,-1.1748932549315685,-0.8318715955555411
-1.299106573361311,-1.4314510943677008,-1.1748932549315685,-0.8318715955555411
0.42658515997976193,-1.4314510943677008,0.5614021957062172,0.1919703682051249
0.6265098066171944,1.4555090959537125,-1.1748932549315685,2.2396542957264574
-1.021902535754506,-1.4314510943677008,-0.3067455296126756,0.703891350085458
1.337909533485252,0.012029000793005847,0.5614021957062172,1.215812331965791
1.39973304626075,0.7337690483733592,-1.1748932549315685,2.2396542957264574
0.1438713880168073,1.4555090959537125,-1.1748932549315685,-0.8318715955555411
-0.2398780321394384,1.4555090959537125,-1.1748932549315685,-0.8318715955555411
-0.25748056008246223,0.7337690483733592,-1.1748932549315685,-0.8318715955555411
-1.314419341571909,0.012029000793005847,0.5614021957062172,-0.8318715955555411
-1.6763444892784705,1.4555090959537125,-1.1748932549315685,-0.8318715955555411
0.8542693450019284,0.7337690483733592,0.5614021957062172,0.1919703682051249
-0.3128641236105124,-0.7097110467873475,-0.3067455296126756,0.703891350085458
1.1523674401671196,1.4555090959537125,0.5614021957062172,0.1919703682051249
-1.6827128835342797,0.7337690483733592,-0.3067455296126756,-0.8318715955555411
-0.5248100088431806,-0.7097110467873475,0.5614021957062172,0.1919703682051249
-0.6328580462170256,1.4555090959537125,-0.3067455296126756,-0.8318715955555411
0.24154395160309747,0.7337690483733592,-0.3067455296126756,0.703891350085458
-1.04372680820419,1.4555090959537125,0.5614021957062172,0.1919703682051249
-1.6633214808002985,0.012029000793005847,-0.3067455296126756,-0.8318715955555411
-1.4734860879838674,1.4555090959537125,-0.3067455296126756,-0.8318715955555411
-0.8397950820350122,-1.4314510943677008,0.5614021957062172,2.2396542957264574
-1.238928825393494,-0.7097110467873475,0.5614021957062172,0.1919703682051249
-0.273723543184358,0.7337690483733592,0.5614021957062172,0.1919703682051249
-0.9608661278870292,0.7337690483733592,-0.3067455296126756,-0.8318715955555411
0.8741616326773782,-1.4314510943677008,-0.3067455296126756,-0.8318715955555411
0.092280239045587,0.7337690483733592,3.1658453716628956,0.1919703682051249
0.3425080448047501,-0.7097110467873475,-0.3067455296126756,0.703891350085458
1.4381580767705213,0.012029000793005847,-0.3067455296126756,0.703891350085458
-0.49718978207079384,0.012029000793005847,-0.3067455296126756,0.703891350085458
-1.3095536021405039,1.4555090959537125,-0.3067455296126756,-0.8318715955555411
-1.433844622616245,-0.7097110467873475,-1.1748932549315685,2.2396542957264574
0.2199343441283286,-0.7097110467873475,-1.1748932549315685,2.2396542957264574
-1.34819329762519,-1.4314510943677008,0.5614021957062172,1.215812331965791
-0.800010506684113,1.4555090959537125,-0.3067455296126756,-0.8318715955555411
1.7388321516346912,0.7337690483733592,-1.1748932549315685,-0.8318715955555411
-0.058271463361412854,0.7337690483733592,-0.3067455296126756,2.2396542957264574
-1.0029404629703542,0.7337690483733592,0.5614021957062172,-0.8318715955555411
0.9567360930279853,-0.7097110467873475,-0.3067455296126756,0.703891350085458
-0.24631798138688615,-0.7097110467873475,1.42954992102511,-0.06399012273504157
1.6457391075132526,0.012029000793005847,-0.3067455296126756,0.703891350085458
-1.4984587800656368,-1.4314510943677008,0.5614021957062172,0.1919703682051249
-0.308356159137299,-0.7097110467873475,0.5614021957062172,-0.8318715955555411
-0.7997242867175598,-0.7097110467873475,-0.3067455296126756,0.703891350085458
-0.7719609499618961,0.012029000793005847,0.5614021957062172,-0.8318715955555411
-0.06528385254196696,-0.7097110467873475,-0.3067455296126756,-0.8318715955555411
1.052834446798233,-1.4314510943677008,-0.3067455296126756,0.703891350085458
-1.2437230098332606,0.012029000793005847,-1.1748932549315685,-0.8318715955555411
-1.393487607332239,0.7337690483733592,-1.1748932549315685,-0.8318715955555411
0.38787390950343714,-0.7097110467873475,0.5614021957062172,-0.8318715955555411
-1.3099829320903338,-1.4314510943677008,-1.1748932549315685,2.2396542957264574
0.485618028081366,1.4555090959537125,-0.3067455296126756,0.703891350085458
0.04498238957266536,1.4555090959537125,-0.3067455296126756,-0.8318715955555411
1.2871770444136914,-1.4314510943677008,-1.1748932549315685,2.2396542957264574
-0.7502082325038506,0.012029000793005847,-1.1748932549315685,-0.8318715955555411
-0.44109066862636037,-1.4314510943677008,2.2976976463440026,1.0110439392136576
-0.853462085437929,-1.4314510943677008,0.5614021957062172,-0.8318715955555411
1.7361130619524356,-0.7097110467873475,-0.3067455296126756,0.703891350085458
0.26530020882701566,-1.4314510943677008,0.5614021957062172,-0.8318715955555411
0.1769297941537056,-0.7097110467873475,2.2976976463440026,0.39673876095725824
-1.3234352705183356,1.4555090959537125,0.5614021957062172,0.1919703682051249
-0.6907460344524167,0.7337690483733592,-1.1748932549315685,-0.8318715955555411
0.8259335683131586,0.012029000793005847,1.42954992102511,-0.8318715955555411
0.13936342354359393,0.012029000793005847,0.5614021957062172,-0.8318715955555411
-0.3553677886436673,0.012029000793005847,-0.3067455296126756,0.703891350085458
0.24784079086726854,0.7337690483733592,-1.1748932549315685,-0.8318715955555411
-0.3628810627656897,-0.7097110467873475,-0.3067455296126756,0.703891350085458
-0.6995472984239287,0.7337690483733592,1.42954992102511,-0.06399012273504157
-0.01526691338678964,-1.4314510943677008,2.2976976463440026,-0.8318715955555411
1.323312315191037,1.4555090959537125,-0.3067455296126756,-0.8318715955555411
-0.7632312409820227,1.4555090959537125,-0.3067455296126756,-0.8318715955555411
-1.7160575096377313,-0.7097110467873475,-0.3067455296126756,0.703891350085458
1.262919902248305,0.7337690483733592,-1.1748932549315685,2.2396542957264574
0.8819611267659536,0.012029000793005847,-1.1748932549315685,-0.8318715955555411
1.0131214264389719,-1.4314510943677008,0.5614021957062172,0.1919703682051249
-1.3396782536202314,0.012029000793005847,-0.3067455296126756,0.703891350085458
-1.5701568816872213,-0.7097110467873475,-1.1748932549315685,-0.8318715955555411
0.5927358505639128,0.012029000793005847,-0.3067455296126756,0.703891350085458
1.0553388715055738,-1.4314510943677008,-0.3067455296126756,2.2396542957264574
0.3723464763179242,0.7337690483733592,0.5614021957062172,0.1919703682051249
1.1351942421739254,-1.4314510943677008,0.5614021957062172,-0.8318715955555411
-1.443933876437246,-0.7097110467873475,0.5614021957062172,0.1919703682051249
-0.8548931852706951,-0.7097110467873475,0.5614021957062172,-0.8318715955555411
0.18057909872725925,-0.7097110467873475,-0.3067455296126756,0.703891350085458
-0.8098850955301995,0.012029000793005847,0.5614021957062172,0.1919703682051249
1.1494336855099487,0.012029000793005847,1.42954992102511,-0.06399012273504157
-0.8140352850452214,-1.4314510943677008,-0.3067455296126756,0.703891350085458
-1.0584671364816813,0.7337690483733592,1.42954992102511,-0.06399012273504157
0.9170230726687243,-0.7097110467873475,2.2976976463440026,-0.21756641729914145
-0.38699509494779954,0.012029000793005847,-1.1748932549315685,-0.8318715955555411
-1.026124280261166,0.7337690483733592,-0.3067455296126756,-0.8318715955555411
0.01900792760795981,-1.4314510943677008,-0.3067455296126756,0.703891350085458
-0.903407469601468,0.7337690483733592,-0.3067455296126756,0.703891350085458
0.9999553079775235,-0.7097110467873475,2.2976976463440026,0.39673876095725824
1.0088281269406738,-0.7097110467873475,0.5614021957062172,1.215812331965791
-1.4881548612697204,0.012029000793005847,2.2976976463440026,1.0110439392136576
1.0868946228180674,-1.4314510943677008,-0.3067455296126756,0.703891350085458
-0.8505283307807584,0.7337690483733592,-1.1748932549315685,-0.8318715955555411
-0.36159307291620013,-1.4314510943677008,-1.1748932549315685,-0.8318715955555411
-0.15136450748285143,1.4555090959537125,0.5614021957062172,0.1919703682051249
1.582126719946797,1.4555090959537125,-1.1748932549315685,-0.8318715955555411
-0.0051776595657882455,-1.4314510943677008,-1.1748932549315685,2.2396542957264574
1.6465977674129124,-1.4314510943677008,-1.1748932549315685,-0.8318715955555411
1.0991305263882183,0.012029000793005847,-1.1748932549315685,-0.8318715955555411
1.2999138329253106,-0.7097110467873475,-1.1748932549315685,2.2396542957264574
-0.38570710509830997,-0.7097110467873475,-0.3067455296126756,-0.8318715955555411
-1.5539138985853254,-0.7097110467873475,-1.1748932549315685,2.2396542957264574
-1.5051849492796376,-1.4314510943677008,-0.3067455296126756,-0.8318715955555411
0.43259577927737963,-1.4314510943677008,0.5614021957062172,2.2396542957264574
-1.0732074647591725,0.012029000793005847,-1.1748932549315685,-0.8318715955555411
1.5875648993113083,0.012029000793005847,0.5614021957062172,1.215812331965791
-0.8342137926872242,-0.7097110467873475,-0.3067455296126756,-0.8318715955555411
0.08626961974796932,-1.4314510943677008,-1.1748932549315685,-0.8318715955555411
-1.676702264236662,1.4555090959537125,0.5614021957062172,-0.8318715955555411
0.5464397709739277,1.4555090959537125,0.5614021957062172,0.1919703682051249
0.1998989464696023,0.012029000793005847,1.42954992102511,-0.8318715955555411
-0.3608775229998171,-0.7097110467873475,-0.3067455296126756,-0.8318715955555411
-0.6869536198955863,0.012029000793005847,-1.1748932549315685,-0.8318715955555411
-0.2863172217127003,-0.7097110467873475,0.5614021957062172,-0.8318715955555411
0.18201019856002532,0.7337690483733592,-0.3067455296126756,-0.8318715955555411
-1.4570284399070565,1.4555090959537125,0.5614021957062172,-0.8318715955555411
-0.12646337039272035,-1.4314510943677008,-0.3067455296126756,0.703891350085458
-1.191774085903849,0.012029000793005847,-0.3067455296126756,0.703891350085458
-1.6647525806330645,0.7337690483733592,-1.1748932549315685,-0.8318715955555411
0.8756642875017825,-0.7097110467873475,-0.3067455296126756,-0.8318715955555411
0.6768845207305628,0.012029000793005847,-0.3067455296126756,2.2396542957264574
-1.4963121303164877,1.4555090959537125,0.5614021957062172,1.215812331965791
-0.05619636860390198,-0.7097110467873475,-0.3067455296126756,0.703891350085458
-0.4507505924975319,1.4555090959537125,2.2976976463440026,-0.21756641729914145
0.03954421020815402,0.012029000793005847,-1.1748932549315685,-0.8318715955555411
1.0219942454021222,0.012029000793005847,0.5614021957062172,-0.8318715955555411
0.9314771809796628,0.7337690483733592,-0.3067455296126756,0.703891350085458
1.50799574860951,-1.4314510943677008,-0.3067455296126756,0.703891350085458
0.34987820894349564,-1.4314510943677008,-0.3067455296126756,2.2396542957264574
1.142922181270863,1.4555090959537125,-1.1748932549315685,-0.8318715955555411
-0.3086423791038522,1.4555090959537125,-1.1748932549315685,-0.8318715955555411
1.0647125754101923,0.012029000793005847,-0.3067455296126756,-0.8318715955555411
1.2033145942135948,-0.7097110467873475,0.5614021957062172,-0.8318715955555411
1.0361621337465072,0.012029000793005847,2.2976976463440026,1.0110439392136576
1.2625621272901135,-0.7097110467873475,-0.3067455296126756,-0.8318715955555411
0.894340140319381,0.012029000793005847,2.2976976463440026,0.39673876095725824
0.6333790858144718,1.4555090959537125,0.5614021957062172,-0.8318715955555411
0.8862544262642522,1.4555090959537125,-1.1748932549315685,-0.8318715955555411
0.30801853883508573,0.7337690483733592,-1.1748932549315685,2.2396542957264574
1.7154336693689647,0.012029000793005847,-1.1748932549315685,-0.8318715955555411
-1.219680532642789,0.7337690483733592,0.5614021957062172,0.1919703682051249
-1.4042924110696235,0.012029000793005847,-0.3067455296126756,-0.8318715955555411
1.4391598466534576,-0.7097110467873475,-0.3067455296126756,-0.8318715955555411
-0.7185809261997186,0.012029000793005847,0.5614021957062172,0.1919703682051249
-0.41711974642752725,0.012029000793005847,-0.3067455296126756,-0.8318715955555411
0.4288033647205495,-0.7097110467873475,0.5614021957062172,0.1919703682051249
-0.12310028578571987,0.012029000793005847,0.5614021957062172,0.1919703682051249
1.7153621143773266,-0.7097110467873475,0.5614021957062172,1.215812331965791
-1.0208292108799313,0.012029000793005847,0.5614021957062172,0.1919703682051249
1.7283851228554985,-0.7097110467873475,-0.3067455296126756,0.703891350085458
-0.5551493252978232,-0.7097110467873475,2.2976976463440026,0.39673876095725824
0.6909808540833097,1.4555090959537125,1.42954992102511,-0.8318715955555411
-1.4711247732598032,0.012029000793005847,1.42954992102511,-0.06399012273504157
0.3026519144622126,-0.7097110467873475,-0.3067455296126756,0.703891350085458
1.5248827266361507,-0.7097110467873475,-0.3067455296126756,2.2396542957264574
0.16269035081768227,-0.7097110467873475,-0.3067455296126756,-0.8318715955555411
0.7297636595512728,-0.7097110467873475,-0.3067455296126756,-0.8318715955555411
-0.6263465419779396,0.7337690483733592,-0.3067455296126756,0.703891350085458
1.1075740154015383,-0.7097110467873475,2.2976976463440026,-0.21756641729914145
0.46815861012161886,0.7337690483733592,-0.3067455296126756,-0.8318715955555411
-1.4897290710857634,-0.7097110467873475,-0.3067455296126756,-0.8318715955555411
0.5945962803465087,-0.7097110467873475,3.1658453716628956,0.1919703682051249
0.7843601181713017,1.4555090959537125,2.2976976463440026,-0.8318715955555411
-0.5009821966276241,0.7337690483733592,-0.3067455296126756,-0.8318715955555411
-1.3761712993557687,1.4555090959537125,3.1658453716628956,-0.3199506136752081
1.359089811010191,0.7337690483733592,-1.1748932549315685,-0.8318715955555411
-0.5465627263012262,1.4555090959537125,-0.3067455296126756,0.703891350085458
1.438802071695266,0.7337690483733592,-0.3067455296126756,-0.8318715955555411
-1.3905538526750685,0.012029000793005847,1.42954992102511,-0.06399012273504157
-0.1990201319139645,0.7337690483733592,-1.1748932549315685,-0.8318715955555411
0.9066475988811697,0.7337690483733592,-1.1748932549315685,-0.8318715955555411
-1.441071676771714,0.012029000793005847,1.42954992102511,-0.06399012273504157
1.7047004206232186,-1.4314510943677008,-0.3067455296126756,-0.8318715955555411
1.642805352856082,0.7337690483733592,-1.1748932549315685,-0.8318715955555411
-0.9034790245931063,0.012029000793005847,-0.3067455296126756,0.703891350085458
-0.1843513586281115,-0.7097110467873475,-0.3067455296126756,0.703891350085458
-0.7205129109739528,-1.4314510943677008,-0.3067455296126756,2.2396542957264574
-1.4877255313198905,0.012029000793005847,3.1658453716628956,-0.3199506136752081
-1.076785214341088,1.4555090959537125,-1.1748932549315685,-0.8318715955555411
-1.2176769928769164,1.4555090959537125,2.2976976463440026,-0.8318715955555411
-1.3438999981268915,-0.7097110467873475,-1.1748932549315685,-0.8318715955555411
-0.7527126572111914,1.4555090959537125,0.5614021957062172,0.1919703682051249
0.9516556886216656,1.4555090959537125,-1.1748932549315685,-0.8318715955555411
1.4470308957336717,-1.4314510943677008,0.5614021957062172,0.1919703682051249
-1.1427589166316081,0.012029000793005847,-1.1748932549315685,-0.8318715955555411
0.07009819163771179,-0.7097110467873475,-0.3067455296126756,-0.8318715955555411
-0.10320799811027026,1.4555090959537125,-1.1748932549315685,-0.8318715955555411
0.7884387526946851,-1.4314510943677008,1.42954992102511,-0.06399012273504157
-1.6268999900563996,0.012029000793005847,-1.1748932549315685,-0.8318715955555411
-1.0113839519836747,0.012029000793005847,1.42954992102511,-0.8318715955555411
1.7524276000459695,0.012029000793005847,-1.1748932549315685,-0.8318715955555411
-0.1442805633106589,-0.7097110467873475,2.2976976463440026,0.39673876095725824
1.707347955313836,1.4555090959537125,-0.3067455296126756,-0.8318715955555411
1.361451125734255,0.012029000793005847,-0.3067455296126756,-0.8318715955555411
-1.251450948930198,0.012029000793005847,1.42954992102511,-0.06399012273504157
0.6813924852037766,-0.7097110467873475,-0.3067455296126756,-0.8318715955555411
1.241095629798621,1.4555090959537125,-0.3067455296126756,0.703891350085458
-0.5940036857574245,1.4555090959537125,-0.3067455296126756,-0.8318715955555411
-0.6370797907236857,0.012029000793005847,-0.3067455296126756,-0.8318715955555411
1.221561117081363,-1.4314510943677008,0.5614021957062172,0.1919703682051249
1.4801608568622082,0.012029000793005847,2.2976976463440026,-0.21756641729914145
1.0425305280023167,-1.4314510943677008,-0.3067455296126756,2.2396542957264574
0.2922048856830194,-1.4314510943677008,-0.3067455296126756,0.703891350085458
-0.48502543349228133,-1.4314510943677008,-0.3067455296126756,-0.8318715955555411
1.1182357091556463,-0.7097110467873475,-1.1748932549315685,-0.8318715955555411
-1.1335998777019047,-1.4314510943677008,-0.3067455296126756,0.703891350085458
0.6477616391337716,1.4555090959537125,-1.1748932549315685,-0.8318715955555411
-1.7263614284336477,0.012029000793005847,-1.1748932549315685,-0.8318715955555411
-0.3690347920465843,-0.7097110467873475,-1.1748932549315685,-0.8318715955555411
0.19116923748972853,0.012029000793005847,-0.3067455296126756,-0.8318715955555411
1.3915042222223444,-0.7097110467873475,-0.3067455296126756,-0.8318715955555411
-0.7561472968098303,0.7337690483733592,1.42954992102511,-0.06399012273504157
0.4048324425217162,-1.4314510943677008,-1.1748932549315685,2.2396542957264574
0.3807899653312446,-0.7097110467873475,-0.3067455296126756,0.703891350085458
-1.2120957035291284,-1.4314510943677008,-1.1748932549315685,2.2396542957264574
1.1308293876839886,0.7337690483733592,-0.3067455296126756,-0.8318715955555411
-0.577188262722422,0.7337690483733592,-0.3067455296126756,-0.8318715955555411
0.2306675928740748,0.7337690483733592,2.2976976463440026,-0.8318715955555411
1.2158367177502987,0.7337690483733592,-1.1748932549315685,-0.8318715955555411
1.1159459494232205,0.012029000793005847,0.5614021957062172,-0.8318715955555411
-1.1255857186384142,1.4555090959537125,-0.3067455296126756,-0.8318715955555411
0.10050906308399267,-1.4314510943677008,-1.1748932549315685,-0.8318715955555411
-0.7942861073530483,0.012029000793005847,-0.3067455296126756,0.703891350085458
0.028381631512578165,0.7337690483733592,-0.3067455296126756,0.703891350085458
-0.3639543876402644,0.012029000793005847,-1.1748932549315685,-0.8318715955555411
0.19481854206328258,-1.4314510943677008,-1.1748932549315685,-0.8318715955555411
-0.17869851428868502,0.7337690483733592,0.5614021957062172,-0.8318715955555411
1.645381332555061,0.7337690483733592,0.5614021957062172,-0.8318715955555411
-0.800940721575411,-1.4314510943677008,0.5614021957062172,0.1919703682051249
-0.5938605757741477,1.4555090959537125,1.42954992102511,-0.8318715955555411
0.7763459591078111,1.4555090959537125,-0.3067455296126756,-0.8318715955555411
-1.6377763487854224,0.7337690483733592,-0.3067455296126756,0.703891350085458
-0.7017655031647163,1.4555090959537125,-1.1748932549315685,-0.8318715955555411
0.042692629840239554,1.4555090959537125,-0.3067455296126756,-0.8318715955555411
-0.9826188453450749,0.012029000793005847,-0.3067455296126756,0.703891350085458
1.0996314113296866,0.012029000793005847,-0.3067455296126756,-0.8318715955555411
-0.3102881439115334,-1.4314510943677008,2.2976976463440026,1.0110439392136576
-0.5042021712513479,-0.7097110467873475,1.42954992102511,1.4717728229059575
1.5208040921127668,-0.7097110467873475,-0.3067455296126756,-0.8318715955555411
-0.3294648816706,0.012029000793005847,1.42954992102511,-0.06399012273504157
0.5396420467682885,-1.4314510943677008,0.5614021957062172,-0.8318715955555411
1.3874255876989607,0.012029000793005847,-0.3067455296126756,0.703891350085458
-1.194350065602828,0.7337690483733592,0.5614021957062172,-0.8318715955555411
-1.3167091013043348,1.4555090959537125,3.1658453716628956,-0.3199506136752081
0.9799199103187972,1.4555090959537125,2.2976976463440026,-0.8318715955555411
-0.2881776514952962,-1.4314510943677008,-0.3067455296126756,0.703891350085458
1.7165785492351775,0.7337690483733592,1.42954992102511,-0.8318715955555411
-1.5635022674648587,0.012029000793005847,-0.3067455296126756,-0.8318715955555411
-1.4702661133601433,-1.4314510943677008,-1.1748932549315685,-0.8318715955555411
1.1855689562872942,-0.7097110467873475,0.5614021957062172,1.215812331965791
1.1917226855681888,0.012029000793005847,-0.3067455296126756,-0.8318715955555411
0.8316579676442233,0.012029000793005847,-0.3067455296126756,-0.8318715955555411
-0.40610027771522766,0.7337690483733592,-1.1748932549315685,-0.8318715955555411
1.3598769159182125,0.012029000793005847,-0.3067455296126756,-0.8318715955555411
-0.8683455236986972,-1.4314510943677008,-1.1748932549315685,-0.8318715955555411
-1.668115665240065,-1.4314510943677008,1.42954992102511,-0.06399012273504157
0.9999553079775235,0.012029000793005847,-1.1748932549315685,2.2396542957264574
0.8109070200691137,-0.7097110467873475,1.42954992102511,0.703891350085458
0.6266529166004708,0.012029000793005847,2.2976976463440026,-0.8318715955555411
-0.5136474301476045,0.012029000793005847,1.42954992102511,-0.06399012273504157
-1.6196729359009303,1.4555090959537125,-1.1748932549315685,-0.8318715955555411
-0.931528581315323,0.7337690483733592,-0.3067455296126756,-0.8318715955555411
-0.22971722332679875,0.012029000793005847,-0.3067455296126756,-0.8318715955555411
-1.6423558682502741,0.7337690483733592,0.5614021957062172,-0.8318715955555411
-1.5667222420885827,0.7337690483733592,-0.3067455296126756,-0.8318715955555411
0.8885441859966781,0.7337690483733592,1.42954992102511,-0.06399012273504157
-0.7877746031139623,0.012029000793005847,-0.3067455296126756,-0.8318715955555411
1.4899638907166564,-1.4314510943677008,0.5614021957062172,-0.8318715955555411
-1.1831159319156137,-0.7097110467873475,-0.3067455296126756,0.703891350085458
1.606598527087098,0.7337690483733592,0.5614021957062172,-0.8318715955555411
0.8570599896758223,1.4555090959537125,-0.3067455296126756,0.703891350085458
-1.515488868075554,-0.7097110467873475,1.42954992102511,0.703891350085458
1.1375555568979898,-1.4314510943677008,0.5614021957062172,0.1919703682051249
-0.9565012733970926,0.7337690483733592,-0.3067455296126756,-0.8318715955555411
1.031010174348549,0.7337690483733592,-0.3067455296126756,0.703891350085458
-0.09340496425582204,1.4555090959537125,-1.1748932549315685,-0.8318715955555411
-0.1977321420644749,-1.4314510943677008,1.42954992102511,-0.06399012273504157
1.602877667521906,-0.7097110467873475,-0.3067455296126756,-0.8318715955555411
-0.3127210136272359,1.4555090959537125,-1.1748932549315685,-0.8318715955555411
-1.4284064432517334,0.7337690483733592,1.42954992102511,-0.8318715955555411
-0.07136602683122309,0.012029000793005847,-0.3067455296126756,-0.8318715955555411
0.630659996132216,0.7337690483733592,3.1658453716628956,-0.3199506136752081
-0.2690724687278681,0.012029000793005847,0.5614021957062172,1.215812331965791
1.5982981480570546,-0.7097110467873475,-0.3067455296126756,-0.8318715955555411
0.44991208725385023,-0.7097110467873475,-1.1748932549315685,-0.8318715955555411
0.4543484967354254,-0.7097110467873475,0.5614021957062172,1.215812331965791
0.9883633993321176,0.7337690483733592,0.5614021957062172,0.1919703682051249
1.1344786922575425,-0.7097110467873475,-0.3067455296126756,0.703891350085458
-0.7920679026122607,0.012029000793005847,-1.1748932549315685,-0.8318715955555411
-1.216174338052512,-0.7097110467873475,3.1658453716628956,0.1919703682051249
-0.7610845912328735,0.7337690483733592,-1.1748932549315685,-0.8318715955555411
0.015644843000959342,1.4555090959537125,-0.3067455296126756,2.2396542957264574
0.7832867932967268,0.012029000793005847,-0.3067455296126756,2.2396542957264574
-0.13075666989101878,-0.7097110467873475,-0.3067455296126756,0.703891350085458
-0.2073205109440082,1.4555090959537125,0.5614021957062172,-0.8318715955555411
1.029793739490698,-1.4314510943677008,-0.3067455296126756,2.2396542957264574
1.060991715845,-1.4314510943677008,0.5614021957062172,1.215812331965791
1.5104286183252122,0.012029000793005847,-1.1748932549315685,-0.8318715955555411
-0.14606943810161657,1.4555090959537125,-0.3067455296126756,-0.8318715955555411
1.0403838782531674,0.7337690483733592,-1.1748932549315685,-0.8318715955555411
0.05786228806756087,-1.4314510943677008,-0.3067455296126756,0.703891350085458
-1.1913447559540191,0.012029000793005847,-0.3067455296126756,0.703891350085458
-0.6531081088506668,-0.7097110467873475,1.42954992102511,-0.06399012273504157
-1.2989634633780343,1.4555090959537125,-0.3067455296126756,-0.8318715955555411
-0.8321386979297133,0.012029000793005847,2.2976976463440026,-0.21756641729914145
-1.0410792735135725,0.012029000793005847,1.42954992102511,-0.06399012273504157
-1.5089773638364683,1.4555090959537125,-1.1748932549315685,-0.8318715955555411
-1.1245839487554778,-0.7097110467873475,-1.1748932549315685,-0.8318715955555411
1.6486013071787848,-0.7097110467873475,0.5614021957062172,0.1919703682051249
-0.020490427776386252,1.4555090959537125,-1.1748932549315685,-0.8318715955555411
-0.5240229039351593,-0.7097110467873475,-1.1748932549315685,2.2396542957264574
0.4592857911584686,0.012029000793005847,0.5614021957062172,-0.8318715955555411
0.16433611562536307,0.012029000793005847,-1.1748932549315685,-0.8318715955555411
-0.028576141831515016,-1.4314510943677008,-1.1748932549315685,-0.8318715955555411
-0.38813997481401247,-0.7097110467873475,-0.3067455296126756,-0.8318715955555411
1.3100030867463117,1.4555090959537125,-1.1748932549315685,-0.8318715955555411
-1.0847278184129403,0.012029000793005847,-0.3067455296126756,-0.8318715955555411
-0.5729665182157619,0.7337690483733592,-1.1748932549315685,-0.8318715955555411
-1.5023227496141056,0.7337690483733592,0.5614021957062172,0.1919703682051249
-1.4558835600408435,-1.4314510943677008,-0.3067455296126756,-0.8318715955555411
-1.4659012588702067,1.4555090959537125,-1.1748932549315685,-0.8318715955555411
0.7872938728284721,-0.7097110467873475,-1.1748932549315685,-0.8318715955555411
0.22272498880222252,-1.4314510943677008,0.5614021957062172,1.215812331965791
0.3718455913764561,0.012029000793005847,-0.3067455296126756,-0.8318715955555411
1.5947919534667774,0.7337690483733592,0.5614021957062172,1.215812331965791
-0.010401173955384856,1.4555090959537125,0.5614021957062172,-0.8318715955555411
0.03603801561787686,0.012029000793005847,-1.1748932549315685,-0.8318715955555411
0.2618655692283768,0.7337690483733592,0.5614021957062172,-0.8318715955555411
1.4438824761015856,1.4555090959537125,-0.3067455296126756,0.703891350085458
1.4141155995800498,0.7337690483733592,-0.3067455296126756,2.2396542957264574
-0.24302645177152393,-1.4314510943677008,-0.3067455296126756,-0.8318715955555411
1.624201055030122,0.7337690483733592,-0.3067455296126756,-0.8318715955555411
-0.15093517753302158,0.012029000793005847,-0.3067455296126756,-0.8318715955555411
-0.959649693029178,-1.4314510943677008,-0.3067455296126756,0.703891350085458
1.2488235688955582,0.012029000793005847,0.5614021957062172,0.1919703682051249
1.1312587176338182,1.4555090959537125,-1.1748932549315685,-0.8318715955555411
-0.8150370549281576,1.4555090959537125,-1.1748932549315685,-0.8318715955555411
0.857417764634014,-1.4314510943677008,-0.3067455296126756,0.703891350085458
0.4828989383991103,-0.7097110467873475,-0.3067455296126756,0.703891350085458
-0.6268474269194079,-0.7097110467873475,2.2976976463440026,1.0110439392136576
0.2748885777065492,0.012029000793005847,-0.3067455296126756,0.703891350085458
-1.3500537274077862,-0.7097110467873475,-0.3067455296126756,-0.8318715955555411
-1.3027558779348645,0.7337690483733592,0.5614021957062172,0.1919703682051249
1.133476922374606,0.7337690483733592,1.42954992102511,-0.06399012273504157
0.9968784433370762,-0.7097110467873475,2.2976976463440026,-0.21756641729914145
-1.1406838218740971,-0.7097110467873475,0.5614021957062172,-0.8318715955555411
-1.0717763649264065,-0.7097110467873475,-1.1748932549315685,-0.8318715955555411
1.1548003098828217,-0.7097110467873475,0.5614021957062172,0.1919703682051249
-0.6814438855394368,-1.4314510943677008,-0.3067455296126756,-0.8318715955555411
0.37921575551520204,0.7337690483733592,2.2976976463440026,1.0110439392136576
-1.6847164233001524,0.012029000793005847,-0.3067455296126756,-0.8318715955555411
-1.0075199824352061,0.012029000793005847,1.42954992102511,-0.8318715955555411
0.9719773062469449,0.7337690483733592,0.5614021957062172,-0.8318715955555411
-0.7559326318349153,0.7337690483733592,0.5614021957062172,0.1919703682051249
-0.9665189722264557,0.012029000793005847,0.5614021957062172,-0.8318715955555411
1.3757621240619167,0.7337690483733592,-1.1748932549315685,-0.8318715955555411
-0.4141144367787182,-1.4314510943677008,-0.3067455296126756,0.703891350085458
-0.8322818079129898,-1.4314510943677008,-1.1748932549315685,-0.8318715955555411
-0.5556502102392913,1.4555090959537125,2.2976976463440026,-0.8318715955555411
-1.1449055663807575,1.4555090959537125,-1.1748932549315685,-0.8318715955555411
-0.013692703570746874,0.012029000793005847,-0.3067455296126756,-0.8318715955555411
-0.7474175878299567,1.4555090959537125,-0.3067455296126756,-0.8318715955555411
-0.6044507145366173,-0.7097110467873475,0.5614021957062172,0.1919703682051249
1.6807294984243852,1.4555090959537125,0.5614021957062172,-0.8318715955555411
1.1041393758029,-0.7097110467873475,1.42954992102511,1.4717728229059575
0.004052934355553423,0.7337690483733592,-1.1748932549315685,-0.8318715955555411
-1.0810785138393866,1.4555090959537125,1.42954992102511,-0.8318715955555411
0.46515330047280984,0.7337690483733592,-1.1748932549315685,-0.8318715955555411
0.48769312283887667,-1.4314510943677008,1.42954992102511,-0.06399012273504157
1.2790197753669243,-0.7097110467873475,-1.1748932549315685,2.2396542957264574
0.7305507644592938,0.7337690483733592,-1.1748932549315685,2.2396542957264574
-0.8807245372521244,1.4555090959537125,-0.3067455296126756,-0.8318715955555411
0.008489343837128549,-1.4314510943677008,0.5614021957062172,0.1919703682051249
0.09821930335156685,0.7337690483733592,-0.3067455296126756,-0.8318715955555411
-0.4302143098973375,1.4555090959537125,1.42954992102511,-0.8318715955555411
1.1054273656523894,-0.7097110467873475,2.2976976463440026,0.39673876095725824
-1.5972762235181401,-1.4314510943677008,0.5614021957062172,0.1919703682051249
1.0053219323503966,0.012029000793005847,-1.1748932549315685,-0.8318715955555411
0.20841399047456094,-1.4314510943677008,0.5614021957062172,1.215812331965791
1.5745418908331363,-0.7097110467873475,-0.3067455296126756,0.703891350085458
0.5766359774452935,0.012029000793005847,0.5614021957062172,1.215812331965791
0.545581111074268,1.4555090959537125,0.5614021957062172,-0.8318715955555411
-0.9519217539322407,0.7337690483733592,-0.3067455296126756,0.703891350085458
1.4623436639442695,-1.4314510943677008,0.5614021957062172,-0.8318715955555411
1.5547927131409631,0.7337690483733592,-0.3067455296126756,0.703891350085458
-0.09505072906350304,-1.4314510943677008,-0.3067455296126756,-0.8318715955555411
1.239163645024387,-0.7097110467873475,0.5614021957062172,0.1919703682051249
1.250326223719963,0.012029000793005847,0.5614021957062172,-0.8318715955555411
0.4885517827385364,1.4555090959537125,1.42954992102511,0.703891350085458
1.4921105404658053,-0.7097110467873475,-0.3067455296126756,-0.8318715955555411
1.7449858809155858,0.012029000793005847,-1.1748932549315685,-0.8318715955555411
1.5376195151477692,0.7337690483733592,-1.1748932549315685,-0.8318715955555411
1.357157826235957,-0.7097110467873475,-0.3067455296126756,2.2396542957264574
-1.102115681381049,-0.7097110467873475,-0.3067455296126756,-0.8318715955555411
-1.2174623279020016,1.4555090959537125,0.5614021957062172,1.215812331965791
0.05342587858598574,0.7337690483733592,-0.3067455296126756,-0.8318715955555411
0.6152041179383417,0.7337690483733592,1.42954992102511,-0.8318715955555411
-1.7143401898384119,-0.7097110467873475,0.5614021957062172,-0.8318715955555411
-0.3006997750320001,0.7337690483733592,0.5614021957062172,0.1919703682051249
1.7293868927384346,0.012029000793005847,1.42954992102511,0.703891350085458
-0.32903555172077015,0.7337690483733592,-1.1748932549315685,-0.8318715955555411
-0.2398780321394384,0.012029000793005847,-1.1748932549315685,2.2396542957264574
-1.4393543569723946,1.4555090959537125,-1.1748932549315685,-0.8318715955555411
-0.16538928584395984,0.012029000793005847,1.42954992102511,-0.06399012273504157
-0.038092955719410064,-1.4314510943677008,-1.1748932549315685,2.2396542957264574
1.1531545450751406,-1.4314510943677008,-1.1748932549315685,-0.8318715955555411
1.2714349462532637,0.012029000793005847,0.5614021957062172,-0.8318715955555411
-0.6003005250215956,0.012029000793005847,-1.1748932549315685,-0.8318715955555411
1.1208832438462637,0.012029000793005847,-0.3067455296126756,0.703891350085458
-1.6201022658507602,1.4555090959537125,0.5614021957062172,0.1919703682051249
-0.31944718284123685,1.4555090959537125,2.2976976463440026,-0.8318715955555411
0.2615793492618238,0.012029000793005847,-1.1748932549315685,-0.8318715955555411
0.5650440687998876,0.7337690483733592,-0.3067455296126756,0.703891350085458
-0.30527929449685176,1.4555090959537125,-0.3067455296126756,0.703891350085458
-1.251450948930198,-0.7097110467873475,-0.3067455296126756,0.703891350085458
0.6387457101873448,-1.4314510943677008,-0.3067455296126756,2.2396542957264574
-0.3698218969546056,0.012029000793005847,-1.1748932549315685,-0.8318715955555411
1.0825297683281305,0.012029000793005847,-0.3067455296126756,-0.8318715955555411
-0.7758964745020032,1.4555090959537125,0.5614021957062172,0.1919703682051249
-0.9924218791995232,0.012029000793005847,0.5614021957062172,1.215812331965791
-0.8400813020015654,-1.4314510943677008,-0.3067455296126756,-0.8318715955555411
-0.8949639805881476,0.012029000793005847,-0.3067455296126756,-0.8318715955555411
0.4535613918274039,0.012029000793005847,0.5614021957062172,0.1919703682051249
-1.2111654886378305,0.7337690483733592,0.5614021957062172,-0.8318715955555411
0.13614344891986974,1.4555090959537125,0.5614021957062172,0.1919703682051249
-1.4730567580340375,-0.7097110467873475,-0.3067455296126756,-0.8318715955555411
0.7082256070681421,0.012029000793005847,-0.3067455296126756,2.2396542957264574
-1.2820049303597552,-1.4314510943677008,1.42954992102511,-0.8318715955555411
1.324671860032165,-0.7097110467873475,0.5614021957062172,0.1919703682051249
1.7407641364089255,-1.4314510943677008,0.5614021957062172,-0.8318715955555411
-1.2767814159701587,-1.4314510943677008,-0.3067455296126756,0.703891350085458
-1.517563962833065,0.7337690483733592,0.5614021957062172,1.215812331965791
0.32554951178647107,0.7337690483733592,-0.3067455296126756,-0.8318715955555411
-1.5129844433682136,-0.7097110467873475,1.42954992102511,-0.8318715955555411
1.09018615243343,0.7337690483733592,0.5614021957062172,-0.8318715955555411
-1.5574200931756026,-1.4314510943677008,-1.1748932549315685,-0.8318715955555411
-1.5793159206169247,-1.4314510943677008,-0.3067455296126756,-0.8318715955555411
-0.7490633526376377,-1.4314510943677008,-0.3067455296126756,0.703891350085458
-1.6480087125897005,1.4555090959537125,-1.1748932549315685,-0.8318715955555411
-0.7195826960826548,-0.7097110467873475,1.42954992102511,-0.8318715955555411
-0.5914277060584453,0.012029000793005847,-0.3067455296126756,-0.8318715955555411
-0.8629073443341856,0.7337690483733592,2.2976976463440026,0.39673876095725824
0.13106304451355003,-1.4314510943677008,1.42954992102511,-0.06399012273504157
-0.604379159544979,-0.7097110467873475,-0.3067455296126756,0.703891350085458
0.6984941282053321,1.4555090959537125,-1.1748932549315685,-0.8318715955555411
-0.24045047207254494,0.012029000793005847,-0.3067455296126756,0.703891350085458
-1.6352719240780815,0.7337690483733592,0.5614021957062172,0.1919703682051249
0.8240731385305626,0.7337690483733592,0.5614021957062172,-0.8318715955555411
-0.8630504543174623,0.7337690483733592,-0.3067455296126756,-0.8318715955555411
-1.1300221281199894,-1.4314510943677008,-0.3067455296126756,-0.8318715955555411
-0.9779677708885849,0.7337690483733592,-0.3067455296126756,-0.8318715955555411
1.6018043426473316,0.012029000793005847,0.5614021957062172,-0.8318715955555411
0.1570375064782558,0.7337690483733592,0.5614021957062172,-0.8318715955555411
0.1388625386021254,0.012029000793005847,-0.3067455296126756,0.703891350085458
1.0826728783114075,-1.4314510943677008,-0.3067455296126756,0.703891350085458
-0.8387217571604376,0.7337690483733592,1.42954992102511,-0.06399012273504157
1.4086774202155385,0.7337690483733592,0.5614021957062172,-0.8318715955555411
0.7064367322771844,0.7337690483733592,0.5614021957062172,-0.8318715955555411
-0.3435612150233467,0.7337690483733592,2.2976976463440026,-0.8318715955555411
-0.3532211388945182,-1.4314510943677008,-0.3067455296126756,2.2396542957264574
-1.466688363778228,0.7337690483733592,-1.1748932549315685,-0.8318715955555411
1.6747188791267675,0.7337690483733592,-1.1748932549315685,-0.8318715955555411
0.18029287876070585,0.7337690483733592,1.42954992102511,0.703891350085458
-0.22027196443054195,-0.7097110467873475,0.5614021957062172,-0.8318715955555411
-0.9802575306210107,-1.4314510943677008,0.5614021957062172,0.1919703682051249
-0.5037728413015181,1.4555090959537125,-0.3067455296126756,-0.8318715955555411
1.3905740073310464,-1.4314510943677008,1.42954992102511,0.703891350085458
-1.4214656090628175,0.7337690483733592,0.5614021957062172,1.215812331965791
-1.528225656587173,1.4555090959537125,-0.3067455296126756,0.703891350085458
-0.48502543349228133,0.7337690483733592,-0.3067455296126756,0.703891350085458
0.015287068042767723,-0.7097110467873475,-0.3067455296126756,0.703891350085458
-0.8788641074695285,-0.7097110467873475,0.5614021957062172,0.1919703682051249
1.3547965115118923,-1.4314510943677008,-0.3067455296126756,0.703891350085458
1.2905401290206922,1.4555090959537125,-1.1748932549315685,2.2396542957264574
1.6201939754983767,-0.7097110467873475,-0.3067455296126756,-0.8318715955555411
0.6448994394682394,-1.4314510943677008,0.5614021957062172,0.1919703682051249
1.6377249484497622,1.4555090959537125,0.5614021957062172,-0.8318715955555411
0.3786433155820957,-0.7097110467873475,-1.1748932549315685,2.2396542957264574
-0.23522695768294832,-0.7097110467873475,0.5614021957062172,1.215812331965791
0.29199022070810465,0.012029000793005847,-0.3067455296126756,-0.8318715955555411
0.0670213269972645,0.012029000793005847,-1.1748932549315685,-0.8318715955555411
0.08247720519113878,-1.4314510943677008,-1.1748932549315685,-0.8318715955555411
0.3115962884170011,-0.7097110467873475,-0.3067455296126756,0.703891350085458
0.47545721926872614,0.012029000793005847,-1.1748932549315685,2.2396542957264574
0.005197814221766326,-1.4314510943677008,0.5614021957062172,0.1919703682051249
-1.2214694074337469,0.012029000793005847,-0.3067455296126756,-0.8318715955555411
-1.1050494360382197,0.012029000793005847,0.5614021957062172,-0.8318715955555411
1.0534068867313393,-1.4314510943677008,1.42954992102511,-0.06399012273504157
-1.4803553671811451,0.7337690483733592,-0.3067455296126756,-0.8318715955555411
-0.8777192276033153,-1.4314510943677008,3.1658453716628956,-0.3199506136752081
0.30551411412774476,-0.7097110467873475,2.2976976463440026,0.39673876095725824
0.7329836341749965,1.4555090959537125,-0.3067455296126756,-0.8318715955555411
-1.664394805674873,0.012029000793005847,0.5614021957062172,-0.8318715955555411
1.0276470897415486,0.7337690483733592,1.42954992102511,-0.06399012273504157
-1.4781371624403574,0.7337690483733592,-0.3067455296126756,-0.8318715955555411
0.11403295650363277,-1.4314510943677008,-0.3067455296126756,-0.8318715955555411
1.4624152189359076,0.7337690483733592,0.5614021957062172,0.1919703682051249
-1.1630805342568873,0.7337690483733592,-0.3067455296126756,-0.8318715955555411
0.7244685901700378,-1.4314510943677008,0.5614021957062172,0.1919703682051249
0.7842885631796634,0.012029000793005847,-1.1748932549315685,-0.8318715955555411
-1.1463366662135235,-1.4314510943677008,-1.1748932549315685,-0.8318715955555411
-0.8659126539829947,-1.4314510943677008,0.5614021957062172,-0.8318715955555411
-1.6364168039442946,0.7337690483733592,-1.1748932549315685,-0.8318715955555411
1.5677441666274967,-0.7097110467873475,1.42954992102511,-0.8318715955555411
-1.6190289409761858,-0.7097110467873475,-0.3067455296126756,0.703891350085458
-1.0414370484717639,-0.7097110467873475,1.42954992102511,-0.8318715955555411
0.35875102790664587,-0.7097110467873475,0.5614021957062172,1.215812331965791
-1.5413202200569833,-0.7097110467873475,-0.3067455296126756,0.703891350085458
-0.9091318689325326,0.7337690483733592,-0.3067455296126756,-0.8318715955555411
1.5636655321041133,-1.4314510943677008,-1.1748932549315685,-0.8318715955555411
0.42773003984597463,-0.7097110467873475,0.5614021957062172,0.1919703682051249
1.493899415256763,0.012029000793005847,0.5614021957062172,-0.8318715955555411
-0.2893940863531474,-0.7097110467873475,-1.1748932549315685,2.2396542957264574
-0.17583631462315286,1.4555090959537125,-0.3067455296126756,-0.8318715955555411
1.2680718616462632,-1.4314510943677008,0.5614021957062172,1.215812331965791
-0.7964327571021976,-1.4314510943677008,-0.3067455296126756,-0.8318715955555411
-1.5521250237943678,1.4555090959537125,0.5614021957062172,0.1919703682051249
0.8214971588315835,1.4555090959537125,-0.3067455296126756,-0.8318715955555411
-0.49854932691192166,-1.4314510943677008,-1.1748932549315685,-0.8318715955555411
1.137913331856181,1.4555090959537125,-1.1748932549315685,-0.8318715955555411
-0.5356863675722034,-0.7097110467873475,-0.3067455296126756,0.703891350085458
1.3492152221641045,-1.4314510943677008,-0.3067455296126756,-0.8318715955555411
-0.05712658349519995,0.7337690483733592,0.5614021957062172,0.1919703682051249
-1.5423219899399194,0.012029000793005847,-1.1748932549315685,-0.8318715955555411
-0.3294648816706,0.7337690483733592,-0.3067455296126756,0.703891350085458
0.5564574698032907,0.7337690483733592,1.42954992102511,0.703891350085458
0.4727381295864705,0.7337690483733592,-0.3067455296126756,0.703891350085458
1.5169401225642984,1.4555090959537125,2.2976976463440026,-0.8318715955555411
1.454329504880779,0.7337690483733592,-0.3067455296126756,2.2396542957264574
0.5856519063917203,1.4555090959537125,0.5614021957062172,1.215812331965791
-0.4488186077232975,-0.7097110467873475,-1.1748932549315685,-0.8318715955555411
0.4225065254563784,0.012029000793005847,1.42954992102511,-0.8318715955555411
-0.7123556419271858,-1.4314510943677008,-0.3067455296126756,0.703891350085458
0.17199249973066197,1.4555090959537125,1.42954992102511,-0.8318715955555411
-0.11952253620380447,-1.4314510943677008,-0.3067455296126756,0.703891350085458
0.6656503870433486,-1.4314510943677008,0.5614021957062172,0.1919703682051249
-1.0166790213649095,-1.4314510943677008,-1.1748932549315685,-0.8318715955555411
0.7873654278201103,-0.7097110467873475,-0.3067455296126756,0.703891350085458
-1.3535599219980632,0.7337690483733592,-1.1748932549315685,-0.8318715955555411
0.24605191607631086,0.7337690483733592,-0.3067455296126756,-0.8318715955555411
0.9784172554943928,0.7337690483733592,-0.3067455296126756,0.703891350085458
-0.04689421969092187,0.012029000793005847,2.2976976463440026,-0.21756641729914145
0.2842622816111675,0.012029000793005847,-0.3067455296126756,0.703891350085458
-1.1592881197000573,0.012029000793005847,-0.3067455296126756,0.703891350085458
1.0526913368149564,0.7337690483733592,-0.3067455296126756,0.703891350085458
0.8560582197928861,0.012029000793005847,-1.1748932549315685,-0.8318715955555411
-1.2276946917062797,1.4555090959537125,-0.3067455296126756,0.703891350085458
0.6569922330551135,-1.4314510943677008,-0.3067455296126756,0.703891350085458
1.5439879094035787,0.012029000793005847,-0.3067455296126756,0.703891350085458
0.012639533352150295,-0.7097110467873475,-1.1748932549315685,2.2396542957264574
-1.2427927949419626,-0.7097110467873475,0.5614021957062172,0.1919703682051249
-0.8261996336237337,-0.7097110467873475,0.5614021957062172,1.215812331965791
1.377479443861236,0.012029000793005847,0.5614021957062172,-0.8318715955555411
-1.478065607448719,1.4555090959537125,1.42954992102511,-0.8318715955555411
0.5572445747113122,1.4555090959537125,-1.1748932549315685,-0.8318715955555411
0.0021925045729574814,1.4555090959537125,-0.3067455296126756,-0.8318715955555411
-0.8526034255382693,1.4555090959537125,0.5614021957062172,1.215812331965791
0.5849363564753374,1.4555090959537125,0.5614021957062172,0.1919703682051249
-1.4442200964037994,-1.4314510943677008,-1.1748932549315685,-0.8318715955555411
-0.4095349173138666,-0.7097110467873475,-1.1748932549315685,-0.8318715955555411
-0.593001915874488,0.012029000793005847,-1.1748932549315685,-0.8318715955555411
-0.8796512123775497,0.012029000793005847,-0.3067455296126756,-0.8318715955555411
0.21657125952132794,-0.7097110467873475,1.42954992102511,0.703891350085458
1.030294624432166,1.4555090959537125,-0.3067455296126756,0.703891350085458
0.7645393854874901,0.7337690483733592,-0.3067455296126756,0.703891350085458
1.429213702815733,-0.7097110467873475,-0.3067455296126756,2.2396542957264574
1.7054159705396013,-0.7097110467873475,0.5614021957062172,0.1919703682051249
-0.10449598795975984,1.4555090959537125,-1.1748932549315685,-0.8318715955555411
0.5789972921693579,0.7337690483733592,-0.3067455296126756,-0.8318715955555411
1.7200847438254545,1.4555090959537125,0.5614021957062172,0.1919703682051249
0.7534483617835527,0.7337690483733592,1.42954992102511,-0.06399012273504157
1.3933646520049408,-0.7097110467873475,0.5614021957062172,0.1919703682051249
1.1079317903597299,0.7337690483733592,-1.1748932549315685,-0.8318715955555411
-0.1723301200328757,-0.7097110467873475,0.5614021957062172,0.1919703682051249
1.3983735014196221,-0.7097110467873475,3.1658453716628956,0.1919703682051249
-0.2960487005755101,0.7337690483733592,2.2976976463440026,-0.21756641729914145
-1.1444046814392892,0.7337690483733592,-1.1748932549315685,-0.8318715955555411
0.08662739470616095,0.012029000793005847,-1.1748932549315685,-0.8318715955555411
-1.0926704224847925,0.7337690483733592,-0.3067455296126756,2.2396542957264574
1.5232369618284693,1.4555090959537125,0.5614021957062172,0.1919703682051249
0.4555649315932767,-0.7097110467873475,0.5614021957062172,-0.8318715955555411
1.459982349220205,-1.4314510943677008,1.42954992102511,-0.06399012273504157
-0.09555161400497135,-0.7097110467873475,1.42954992102511,1.4717728229059575
1.3960121866955577,1.4555090959537125,-0.3067455296126756,-0.8318715955555411
-0.71006588219476,-0.7097110467873475,-0.3067455296126756,-0.8318715955555411
1.697902696417579,1.4555090959537125,-1.1748932549315685,-0.8318715955555411
1.350431657021956,-1.4314510943677008,-0.3067455296126756,-0.8318715955555411
-0.3911452844628213,-1.4314510943677008,-1.1748932549315685,-0.8318715955555411
0.8091181452781561,0.7337690483733592,-0.3067455296126756,0.703891350085458
-1.0261958352528042,0.012029000793005847,-0.3067455296126756,-0.8318715955555411
0.6063312989751916,0.012029000793005847,1.42954992102511,-0.8318715955555411
-0.18177537892913231,0.012029000793005847,1.42954992102511,0.703891350085458
1.4123982797807304,-0.7097110467873475,-0.3067455296126756,-0.8318715955555411
-0.5763296028227625,1.4555090959537125,-1.1748932549315685,-0.8318715955555411
0.5160288995276469,-1.4314510943677008,-0.3067455296126756,0.703891350085458
-0.6214808025465347,0.7337690483733592,1.42954992102511,0.703891350085458
-0.7248062104722515,1.4555090959537125,-1.1748932549315685,-0.8318715955555411
1.5335408806243858,-0.7097110467873475,-1.1748932549315685,2.2396542957264574
-0.023209517458641922,-1.4314510943677008,-0.3067455296126756,-0.8318715955555411
1.3076417720222477,-1.4314510943677008,0.5614021957062172,0.1919703682051249
0.0688102017882222,0.7337690483733592,1.42954992102511,-0.06399012273504157
0.9424250947003238,1.4555090959537125,0.5614021957062172,0.1919703682051249
-1.7285080781827968,-1.4314510943677008,1.42954992102511,1.4717728229059575
-0.27186311340176206,-1.4314510943677008,0.5614021957062172,1.215812331965791
-1.0859442532707917,1.4555090959537125,-0.3067455296126756,-0.8318715955555411
0.8214971588315835,0.7337690483733592,0.5614021957062172,2.2396542957264574
1.0332999340809748,-1.4314510943677008,-0.3067455296126756,0.703891350085458
0.7707646697600229,0.012029000793005847,-0.3067455296126756,0.703891350085458
1.7301024426548175,-0.7097110467873475,-1.1748932549315685,2.2396542957264574
1.7127861346783473,0.7337690483733592,-0.3067455296126756,-0.8318715955555411
1.356084501361382,0.012029000793005847,-0.3067455296126756,-0.8318715955555411
-1.487797086311529,-1.4314510943677008,0.5614021957062172,1.215812331965791
1.0832453182445139,1.4555090959537125,-1.1748932549315685,2.2396542957264574
1.2230637719057678,-0.7097110467873475,-1.1748932549315685,2.2396542957264574
-0.4956871272463893,-0.7097110467873475,-0.3067455296126756,-0.8318715955555411
-0.932458796206621,1.4555090959537125,-0.3067455296126756,-0.8318715955555411
-1.4472969610442468,1.4555090959537125,-0.3067455296126756,0.703891350085458
-1.1549948202017586,0.7337690483733592,0.5614021957062172,0.1919703682051249
-0.6223394624461943,-0.7097110467873475,-1.1748932549315685,-0.8318715955555411
1.1314733826087335,-0.7097110467873475,-0.3067455296126756,-0.8318715955555411
0.3426511547880266,1.4555090959537125,1.42954992102511,-0.8318715955555411
0.2718832680577401,0.7337690483733592,-1.1748932549315685,-0.8318715955555411
1.439446066620011,0.7337690483733592,0.5614021957062172,0.1919703682051249
-0.9517070889573259,1.4555090959537125,-0.3067455296126756,-0.8318715955555411
-1.313775346647164,-0.7097110467873475,-1.1748932549315685,-0.8318715955555411
-1.4349179474908194,-0.7097110467873475,-1.1748932549315685,-0.8318715955555411
-1.4193905143053065,-1.4314510943677008,-1.1748932549315685,2.2396542957264574
0.10931032705550427,-1.4314510943677008,-0.3067455296126756,2.2396542957264574
-0.025141502232876308,0.7337690483733592,-1.1748932549315685,-0.8318715955555411
-0.8933182157804666,0.012029000793005847,-0.3067455296126756,-0.8318715955555411
-0.19343884256617647,1.4555090959537125,-0.3067455296126756,0.703891350085458
0.16390678567553318,0.012029000793005847,1.42954992102511,-0.8318715955555411
-0.865769543999718,1.4555090959537125,0.5614021957062172,0.1919703682051249
-0.1879291082100269,0.012029000793005847,-0.3067455296126756,-0.8318715955555411
0.018936372616321362,0.7337690483733592,-1.1748932549315685,-0.8318715955555411
-1.3436853331519767,-1.4314510943677008,-1.1748932549315685,2.2396542957264574
-1.1705938083789098,1.4555090959537125,-1.1748932549315685,-0.8318715955555411
0.4600728960664901,-0.7097110467873475,-0.3067455296126756,-0.8318715955555411
0.23725065210479884,1.4555090959537125,-0.3067455296126756,0.703891350085458
0.47681676410985396,-0.7097110467873475,-1.1748932549315685,-0.8318715955555411
0.1468051426739777,1.4555090959537125,0.5614021957062172,-0.8318715955555411
-0.7975060819767723,1.4555090959537125,-0.3067455296126756,-0.8318715955555411
0.2254440784844782,1.4555090959537125,1.42954992102511,-0.06399012273504157
0.656419793122007,0.012029000793005847,-1.1748932549315685,-0.8318715955555411
-1.0674115104364699,1.4555090959537125,0.5614021957062172,-0.8318715955555411
-0.7540006470606809,0.012029000793005847,-0.3067455296126756,-0.8318715955555411
-0.07587399130443667,-0.7097110467873475,0.5614021957062172,1.215812331965791
1.6677780449378514,-1.4314510943677008,-1.1748932549315685,2.2396542957264574
-0.45647499182859663,0.012029000793005847,-0.3067455296126756,-0.8318715955555411
1.302847587582481,1.4555090959537125,-0.3067455296126756,-0.8318715955555411
-0.42835388011474157,0.7337690483733592,-1.1748932549315685,-0.8318715955555411
0.8227851486810731,-1.4314510943677008,2.2976976463440026,1.0110439392136576
-1.6387781186683588,-0.7097110467873475,1.42954992102511,-0.8318715955555411
0.9114417833209365,0.012029000793005847,1.42954992102511,-0.06399012273504157
-1.4432183265208633,1.4555090959537125,-1.1748932549315685,-0.8318715955555411
1.1705424080432494,-1.4314510943677008,-0.3067455296126756,-0.8318715955555411
-0.5150069749887324,-0.7097110467873475,0.5614021957062172,1.215812331965791
-0.03143834149704738,1.4555090959537125,1.42954992102511,-0.8318715955555411
1.3177310258432489,0.012029000793005847,-0.3067455296126756,0.703891350085458
-0.8750001379210597,0.7337690483733592,-0.3067455296126756,0.703891350085458
-1.7116926551477945,0.012029000793005847,-1.1748932549315685,-0.8318715955555411
0.806112835629347,-0.7097110467873475,0.5614021957062172,1.215812331965791
0.7286187796850596,0.7337690483733592,-1.1748932549315685,-0.8318715955555411
1.753214704953991,0.7337690483733592,0.5614021957062172,-0.8318715955555411
0.3568190431324117,0.7337690483733592,-1.1748932549315685,-0.8318715955555411
0.21378061484743402,1.4555090959537125,0.5614021957062172,1.215812331965791
-0.677794580965883,1.4555090959537125,0.5614021957062172,0.1919703682051249
-1.4017879863622829,1.4555090959537125,-1.1748932549315685,-0.8318715955555411
0.1508837771973612,1.4555090959537125,2.2976976463440026,1.0110439392136576
0.42357985033095286,1.4555090959537125,-1.1748932549315685,-0.8318715955555411
-1.2641161824501783,0.7337690483733592,-1.1748932549315685,-0.8318715955555411
1.6622683105817018,-0.7097110467873475,-0.3067455296126756,-0.8318715955555411
1.6475995372958485,-1.4314510943677008,-0.3067455296126756,0.703891350085458
1.4026668009179204,0.012029000793005847,-1.1748932549315685,-0.8318715955555411
1.6596207758910844,0.012029000793005847,1.42954992102511,0.703891350085458
0.8567737697092693,-1.4314510943677008,1.42954992102511,-0.06399012273504157
-1.514987983134086,0.012029000793005847,-0.3067455296126756,-0.8318715955555411
-0.0086838541560654,0.7337690483733592,-0.3067455296126756,0.703891350085458
0.6160627778380011,0.7337690483733592,-1.1748932549315685,-0.8318715955555411
1.069292094875044,-1.4314510943677008,-0.3067455296126756,0.703891350085458
0.7076531671350353,-1.4314510943677008,-0.3067455296126756,2.2396542957264574
0.3419356048716433,1.4555090959537125,-0.3067455296126756,-0.8318715955555411
-1.5557027733762832,0.7337690483733592,0.5614021957062172,-0.8318715955555411
-0.13662417920535996,-0.7097110467873475,0.5614021957062172,0.1919703682051249
1.7186536439926885,0.7337690483733592,-0.3067455296126756,-0.8318715955555411
0.5392127168184587,1.4555090959537125,0.5614021957062172,-0.8318715955555411
-0.7577930616175113,0.012029000793005847,1.42954992102511,0.703891350085458
-1.6074370323307798,-0.7097110467873475,-1.1748932549315685,-0.8318715955555411
1.4304301376735837,0.7337690483733592,0.5614021957062172,0.1919703682051249
-0.03465831612077115,1.4555090959537125,0.5614021957062172,-0.8318715955555411
-1.5182079577578098,0.012029000793005847,0.5614021957062172,0.1919703682051249
-0.6005867449881487,1.4555090959537125,-0.3067455296126756,0.703891350085458
1.167608653386079,-1.4314510943677008,0.5614021957062172,0.1919703682051249
1.0642116904687242,-0.7097110467873475,-0.3067455296126756,-0.8318715955555411
-0.3400550204330695,-1.4314510943677008,1.42954992102511,0.703891350085458
0.3806468553479681,0.012029000793005847,-0.3067455296126756,-0.8318715955555411
0.16548099549157616,-1.4314510943677008,-1.1748932549315685,-0.8318715955555411
1.3135092813365887,0.012029000793005847,-0.3067455296126756,-0.8318715955555411
0.3246192968951731,0.012029000793005847,-0.3067455296126756,0.703891350085458
-0.38241557548294774,-0.7097110467873475,-0.3067455296126756,-0.8318715955555411
0.09621576358569403,-0.7097110467873475,-0.3067455296126756,-0.8318715955555411
0.8393859067411604,1.4555090959537125,2.2976976463440026,1.0110439392136576
-1.4249718036530947,0.012029000793005847,0.5614021957062172,-0.8318715955555411
1.371182604597065,0.012029000793005847,0.5614021957062172,-0.8318715955555411
-1.3245801503845487,-1.4314510943677008,1.42954992102511,-0.06399012273504157
-0.5272428785588831,-1.4314510943677008,-0.3067455296126756,0.703891350085458
-1.2499482941057933,0.012029000793005847,-1.1748932549315685,2.2396542957264574
-0.7812630988748763,-0.7097110467873475,-0.3067455296126756,-0.8318715955555411
1.327677169680974,-1.4314510943677008,0.5614021957062172,2.2396542957264574
-1.2959581537292253,0.012029000793005847,-1.1748932549315685,-0.8318715955555411
0.811622569985497,-1.4314510943677008,-0.3067455296126756,0.703891350085458
0.1826541934847699,0.012029000793005847,-1.1748932549315685,-0.8318715955555411
1.2829552999070315,-0.7097110467873475,-0.3067455296126756,0.703891350085458
-0.01433669849549167,-0.7097110467873475,-0.3067455296126756,-0.8318715955555411
-0.20968182566807245,0.7337690483733592,0.5614021957062172,0.1919703682051249
-1.2465852094987928,0.7337690483733592,0.5614021957062172,-0.8318715955555411
1.3920051071638124,0.012029000793005847,-1.1748932549315685,-0.8318715955555411
-0.2133311302416261,-1.4314510943677008,-1.1748932549315685,2.2396542957264574
-1.3979955718054524,-1.4314510943677008,3.1658453716628956,-0.3199506136752081
-0.45160925239719163,1.4555090959537125,-0.3067455296126756,-0.8318715955555411
-0.11895009627069791,1.4555090959537125,-0.3067455296126756,0.703891350085458
-0.35136070911192224,1.4555090959537125,-0.3067455296126756,-0.8318715955555411
-1.6666130104156605,-0.7097110467873475,-0.3067455296126756,-0.8318715955555411
-1.672766739696555,1.4555090959537125,-1.1748932549315685,-0.8318715955555411
1.5869209043865633,-1.4314510943677008,-0.3067455296126756,0.703891350085458
-0.39064439952135316,1.4555090959537125,0.5614021957062172,0.1919703682051249
-1.6023566279244599,1.4555090959537125,0.5614021957062172,1.215812331965791
0.3700567165854984,0.7337690483733592,-0.3067455296126756,0.703891350085458
0.045411719522495224,0.7337690483733592,-1.1748932549315685,-0.8318715955555411
-0.933174346123004,0.7337690483733592,-1.1748932549315685,-0.8318715955555411
0.45857024124208534,0.7337690483733592,-0.3067455296126756,-0.8318715955555411
-0.4087478124058451,-1.4314510943677008,-0.3067455296126756,-0.8318715955555411
-0.06642873240817987,-1.4314510943677008,-0.3067455296126756,0.703891350085458
-0.06793138723258439,1.4555090959537125,-1.1748932549315685,-0.8318715955555411
1.7273833529725617,1.4555090959537125,1.42954992102511,-0.8318715955555411
-0.10399510301829154,0.7337690483733592,-0.3067455296126756,-0.8318715955555411
-0.6229834573709391,0.7337690483733592,0.5614021957062172,0.1919703682051249
1.7519267151045015,1.4555090959537125,-1.1748932549315685,-0.8318715955555411
1.6856667928474285,-1.4314510943677008,-0.3067455296126756,2.2396542957264574
-1.4289788831848398,0.7337690483733592,-0.3067455296126756,-0.8318715955555411
-1.4923766057763805,0.012029000793005847,-0.3067455296126756,-0.8318715955555411
0.9933006937551608,-1.4314510943677008,-0.3067455296126756,0.703891350085458
1.2235646568472358,-0.7097110467873475,-0.3067455296126756,-0.8318715955555411
-1.09023755276909,-0.7097110467873475,-0.3067455296126756,-0.8318715955555411
0.27882410224665577,0.012029000793005847,-1.1748932549315685,-0.8318715955555411
-1.2646170673916464,0.7337690483733592,-1.1748932549315685,-0.8318715955555411
-0.17104213018338613,-1.4314510943677008,-0.3067455296126756,-0.8318715955555411
-0.3009144400069151,0.012029000793005847,-0.3067455296126756,-0.8318715955555411
-1.0529574021255315,1.4555090959537125,0.5614021957062172,0.1919703682051249
-1.0840122684965572,0.012029000793005847,-0.3067455296126756,0.703891350085458
0.09900640825958794,-1.4314510943677008,0.5614021957062172,-0.8318715955555411
-0.2545468054252916,0.7337690483733592,-1.1748932549315685,-0.8318715955555411
-1.709045120457177,0.012029000793005847,-1.1748932549315685,-0.8318715955555411
-0.24746286125309905,1.4555090959537125,-1.1748932549315685,-0.8318715955555411
0.2900582359338701,-1.4314510943677008,-1.1748932549315685,-0.8318715955555411
0.5835768116342095,-0.7097110467873475,0.5614021957062172,2.2396542957264574
-1.6077948072889714,0.7337690483733592,-0.3067455296126756,0.703891350085458
1.0085419069741204,0.012029000793005847,1.42954992102511,0.703891350085458
-0.4362964841865936,-1.4314510943677008,0.5614021957062172,-0.8318715955555411
0.518604879226626,1.4555090959537125,-0.3067455296126756,0.703891350085458
0.6763120807974565,-1.4314510943677008,0.5614021957062172,-0.8318715955555411
0.5542392650625031,-0.7097110467873475,-0.3067455296126756,0.703891350085458
-1.47506029779991,0.7337690483733592,-0.3067455296126756,-0.8318715955555411
0.10566102248195063,-0.7097110467873475,-0.3067455296126756,0.703891350085458
0.5750617676292509,0.012029000793005847,1.42954992102511,-0.8318715955555411
-1.2820049303597552,1.4555090959537125,2.2976976463440026,-0.21756641729914145
-0.42313036572514495,-1.4314510943677008,0.5614021957062172,0.1919703682051249
-0.13791216905484957,0.012029000793005847,-0.3067455296126756,-0.8318715955555411
0.8061843906209857,-1.4314510943677008,-0.3067455296126756,0.703891350085458
-0.9437644848854737,0.7337690483733592,-0.3067455296126756,-0.8318715955555411
-0.3087854890871289,-0.7097110467873475,0.5614021957062172,-0.8318715955555411
1.6689229248040645,0.012029000793005847,-0.3067455296126756,0.703891350085458
0.5895874309318272,-0.7097110467873475,-1.1748932549315685,2.2396542957264574
-0.31350811853525723,-1.4314510943677008,-0.3067455296126756,-0.8318715955555411
0.1876630428994518,-0.7097110467873475,-0.3067455296126756,2.2396542957264574
1.7240918233571998,-0.7097110467873475,0.5614021957062172,1.215812331965791
-0.012905598662725592,0.012029000793005847,-1.1748932549315685,-0.8318715955555411
-0.09648182889626933,0.7337690483733592,0.5614021957062172,0.1919703682051249
-0.6030196147038512,0.012029000793005847,-0.3067455296126756,0.703891350085458
0.8177047442747529,0.012029000793005847,-0.3067455296126756,0.703891350085458
-0.4146153217201863,-1.4314510943677008,0.5614021957062172,1.215812331965791
0.646044319334452,-1.4314510943677008,-0.3067455296126756,0.703891350085458
0.24476392622682125,0.7337690483733592,3.1658453716628956,-0.3199506136752081
1.060204610936979,0.012029000793005847,-0.3067455296126756,-0.8318715955555411
-1.6882226178904296,0.012029000793005847,-1.1748932549315685,-0.8318715955555411
-0.1578044567302992,1.4555090959537125,0.5614021957062172,0.1919703682051249
-1.627257765014591,-1.4314510943677008,0.5614021957062172,1.215812331965791
-0.8282031733896064,1.4555090959537125,-1.1748932549315685,2.2396542957264574
-1.298677243411481,1.4555090959537125,1.42954992102511,-0.8318715955555411
1.41790801413688,-0.7097110467873475,-1.1748932549315685,2.2396542957264574
0.9153773078610435,0.012029000793005847,-1.1748932549315685,-0.8318715955555411
-0.45332657219651107,-0.7097110467873475,-0.3067455296126756,0.703891350085458
0.3656203071039233,-0.7097110467873475,-0.3067455296126756,0.703891350085458
-0.19272329264979343,1.4555090959537125,-0.3067455296126756,0.703891350085458
1.5555798180489846,0.7337690483733592,1.42954992102511,-0.06399012273504157
-0.7611561462245118,0.012029000793005847,-1.1748932549315685,-0.8318715955555411
-0.5889948363427429,0.7337690483733592,1.42954992102511,-0.06399012273504157
-1.591480269195437,1.4555090959537125,-0.3067455296126756,0.703891350085458
-1.6948772321127923,0.7337690483733592,-0.3067455296126756,-0.8318715955555411
1.1953004351501042,-0.7097110467873475,-0.3067455296126756,-0.8318715955555411
-0.32223782751513075,0.012029000793005847,-1.1748932549315685,-0.8318715955555411
0.891334830670572,0.012029000793005847,-0.3067455296126756,0.703891350085458
0.1730658246052368,-1.4314510943677008,0.5614021957062172,0.1919703682051249
1.7079203952469422,0.012029000793005847,-1.1748932549315685,-0.8318715955555411
1.1164468343646885,1.4555090959537125,-0.3067455296126756,-0.8318715955555411
-0.17161457011649267,1.4555090959537125,0.5614021957062172,1.215812331965791
-0.6698519768940309,1.4555090959537125,-0.3067455296126756,0.703891350085458
0.09678820351880038,1.4555090959537125,1.42954992102511,-0.06399012273504157
-0.14063125873710525,0.7337690483733592,1.42954992102511,-0.8318715955555411
0.4124888266270151,0.7337690483733592,-0.3067455296126756,0.703891350085458
-0.43937334882704093,0.012029000793005847,3.1658453716628956,-0.3199506136752081
-0.3676752472054563,-0.7097110467873475,0.5614021957062172,-0.8318715955555411
-1.1409700418406503,-0.7097110467873475,-1.1748932549315685,-0.8318715955555411
-0.07286868165562761,-1.4314510943677008,-1.1748932549315685,-0.8318715955555411
0.6026104394099993,-1.4314510943677008,0.5614021957062172,1.215812331965791
-1.0156056964903348,0.7337690483733592,-0.3067455296126756,0.703891350085458
-0.7647338958064271,-1.4314510943677008,0.5614021957062172,0.1919703682051249
1.1126544198078585,-0.7097110467873475,-1.1748932549315685,2.2396542957264574
0.4569960314260428,-0.7097110467873475,1.42954992102511,-0.8318715955555411
-1.020328325938463,0.012029000793005847,-1.1748932549315685,-0.8318715955555411
0.2900582359338701,0.7337690483733592,-0.3067455296126756,0.703891350085458
0.5236852836329458,-1.4314510943677008,-1.1748932549315685,2.2396542957264574
1.750352505288459,-0.7097110467873475,-1.1748932549315685,2.2396542957264574
0.21914723922030713,-1.4314510943677008,-1.1748932549315685,-0.8318715955555411
-1.2429359049252393,-0.7097110467873475,-0.3067455296126756,0.703891350085458
1.0121196565560358,0.012029000793005847,-0.3067455296126756,-0.8318715955555411
-1.2369252856276214,1.4555090959537125,-0.3067455296126756,0.703891350085458
-0.33475995105183465,-0.7097110467873475,-1.1748932549315685,-0.8318715955555411
-1.5791012556420099,0.012029000793005847,0.5614021957062172,-0.8318715955555411
1.6252743799046965,-1.4314510943677008,-0.3067455296126756,0.703891350085458
0.7970969066829203,-0.7097110467873475,-1.1748932549315685,2.2396542957264574
-0.18857310313477169,1.4555090959537125,-0.3067455296126756,-0.8318715955555411
1.261488802415539,0.012029000793005847,1.42954992102511,-0.8318715955555411
-0.3522909240032202,0.7337690483733592,0.5614021957062172,1.215812331965791
0.0681662068634772,-1.4314510943677008,-0.3067455296126756,0.703891350085458
1.287033934430415,-1.4314510943677008,0.5614021957062172,-0.8318715955555411
-0.7120694219606326,0.012029000793005847,-1.1748932549315685,-0.8318715955555411
-0.6227687923960241,0.012029000793005847,-1.1748932549315685,-0.8318715955555411
0.7191019657971648,1.4555090959537125,-1.1748932549315685,-0.8318715955555411
0.5794981771108261,0.012029000793005847,-0.3067455296126756,2.2396542957264574
1.7716758927966745,0.7337690483733592,0.5614021957062172,-0.8318715955555411
1.5449896792865152,-0.7097110467873475,1.42954992102511,-0.06399012273504157
-0.3894995196551403,0.7337690483733592,-1.1748932549315685,-0.8318715955555411
-1.0581093615234898,-1.4314510943677008,1.42954992102511,0.703891350085458
-1.2993927933278642,-0.7097110467873475,1.42954992102511,-0.8318715955555411
-0.7551455269268939,-0.7097110467873475,2.2976976463440026,-0.21756641729914145
0.3039399043117022,-1.4314510943677008,-0.3067455296126756,-0.8318715955555411
0.009491113720064762,-0.7097110467873475,-0.3067455296126756,0.703891350085458
1.6475995372958485,0.7337690483733592,-0.3067455296126756,0.703891350085458
-0.735396349234721,0.012029000793005847,-0.3067455296126756,-0.8318715955555411
0.42844558976235786,1.4555090959537125,-0.3067455296126756,0.703891350085458
1.26313456722322,0.012029000793005847,-1.1748932549315685,-0.8318715955555411
0.022514122198236758,1.4555090959537125,2.2976976463440026,-0.8318715955555411
-0.9028350296683616,-1.4314510943677008,0.5614021957062172,-0.8318715955555411
-1.1102729504278162,0.7337690483733592,-0.3067455296126756,-0.8318715955555411
1.042172753044125,0.7337690483733592,-1.1748932549315685,2.2396542957264574
-0.20703429097745502,0.012029000793005847,-1.1748932549315685,-0.8318715955555411
0.6414647998696005,0.7337690483733592,0.5614021957062172,-0.8318715955555411
-1.3905538526750685,0.012029000793005847,-1.1748932549315685,-0.8318715955555411
-1.5233599171557681,1.4555090959537125,-0.3067455296126756,-0.8318715955555411
0.06745065694709436,-1.4314510943677008,-1.1748932549315685,-0.8318715955555411
0.8173469693165617,0.7337690483733592,0.5614021957062172,0.1919703682051249
0.22945115801622346,0.7337690483733592,-1.1748932549315685,-0.8318715955555411
0.08326431009916027,1.4555090959537125,-1.1748932549315685,-0.8318715955555411
0.5633983039922068,1.4555090959537125,0.5614021957062172,-0.8318715955555411
0.9723350812051365,0.012029000793005847,-0.3067455296126756,-0.8318715955555411
0.3357818755907492,1.4555090959537125,-1.1748932549315685,-0.8318715955555411
0.5989611348364456,-1.4314510943677008,-0.3067455296126756,-0.8318715955555411
-1.0957472871252398,-1.4314510943677008,-1.1748932549315685,-0.8318715955555411
-1.2969599236121618,1.4555090959537125,0.5614021957062172,0.1919703682051249
-1.5084049239033617,0.7337690483733592,-0.3067455296126756,0.703891350085458
1.398301946427984,-0.7097110467873475,0.5614021957062172,-0.8318715955555411
-0.8779338925782303,-1.4314510943677008,2.2976976463440026,-0.8318715955555411
0.9611009475179222,-1.4314510943677008,0.5614021957062172,-0.8318715955555411
-0.27987727246525257,1.4555090959537125,0.5614021957062172,0.1919703682051249
-0.09333340926418379,1.4555090959537125,-0.3067455296126756,-0.8318715955555411
1.5352582004237052,1.4555090959537125,-0.3067455296126756,-0.8318715955555411
-1.6374185738272309,1.4555090959537125,-1.1748932549315685,2.2396542957264574
-0.07222468673088282,0.012029000793005847,-0.3067455296126756,0.703891350085458
-0.3449207598644745,0.7337690483733592,-0.3067455296126756,-0.8318715955555411
-0.4163326415195058,-1.4314510943677008,-0.3067455296126756,0.703891350085458
0.5541677100708648,0.012029000793005847,-0.3067455296126756,-0.8318715955555411
0.6635037372941996,-1.4314510943677008,0.5614021957062172,-0.8318715955555411
0.5037929959574959,0.012029000793005847,-0.3067455296126756,-0.8318715955555411
0.8728736428278886,0.012029000793005847,-0.3067455296126756,2.2396542957264574
1.3162283710188445,0.012029000793005847,-0.3067455296126756,-0.8318715955555411
-1.322361945643761,0.012029000793005847,-1.1748932549315685,-0.8318715955555411
-1.6603161711514893,-0.7097110467873475,-1.1748932549315685,-0.8318715955555411
-0.24166690693039608,0.7337690483733592,3.1658453716628956,-0.3199506136752081
-1.1637960841732706,0.7337690483733592,1.42954992102511,-0.06399012273504157
-0.8222641090836267,0.012029000793005847,0.5614021957062172,0.1919703682051249
-0.30585173442995833,-1.4314510943677008,0.5614021957062172,-0.8318715955555411
-1.0985379317991337,-0.7097110467873475,-1.1748932549315685,2.2396542957264574
0.6217156221774276,0.012029000793005847,0.5614021957062172,0.1919703682051249
-1.2030797745827018,1.4555090959537125,0.5614021957062172,0.1919703682051249
-1.1864074615309759,0.012029000793005847,2.2976976463440026,-0.21756641729914145
1.5776903104652218,1.4555090959537125,-0.3067455296126756,-0.8318715955555411
0.6400337000368345,1.4555090959537125,-1.1748932549315685,-0.8318715955555411
1.6184766556990573,-0.7097110467873475,0.5614021957062172,0.1919703682051249
0.3648332021959022,0.012029000793005847,-0.3067455296126756,2.2396542957264574
1.4172640192121353,-0.7097110467873475,-1.1748932549315685,2.2396542957264574
-1.1208630891902858,-0.7097110467873475,0.5614021957062172,-0.8318715955555411
0.5467975459321194,0.012029000793005847,-0.3067455296126756,0.703891350085458
-1.3368876089463375,-1.4314510943677008,0.5614021957062172,-0.8318715955555411
1.6658460601636171,0.012029000793005847,-1.1748932549315685,-0.8318715955555411
-0.47343352484687545,-1.4314510943677008,0.5614021957062172,1.215812331965791
0.5424326914421824,0.7337690483733592,-0.3067455296126756,0.703891350085458
-0.5496395909416735,-1.4314510943677008,0.5614021957062172,1.215812331965791
-1.055819601791064,0.012029000793005847,-1.1748932549315685,-0.8318715955555411
1.5353297554153436,0.012029000793005847,0.5614021957062172,-0.8318715955555411
-0.3395541354916014,0.012029000793005847,-1.1748932549315685,-0.8318715955555411
1.6719282344528732,0.7337690483733592,-0.3067455296126756,0.703891350085458
1.1226005636455831,0.012029000793005847,0.5614021957062172,0.1919703682051249
-0.3336150711856218,-0.7097110467873475,-1.1748932549315685,2.2396542957264574
1.5291044711428106,0.012029000793005847,-0.3067455296126756,0.703891350085458
-1.5718026464949024,-1.4314510943677008,0.5614021957062172,0.1919703682051249
0.4780331989677053,0.7337690483733592,-1.1748932549315685,-0.8318715955555411
0.46765772518015075,1.4555090959537125,-1.1748932549315685,-0.8318715955555411
-0.10485376291795126,-0.7097110467873475,0.5614021957062172,0.1919703682051249
-0.6413015352303459,-0.7097110467873475,-1.1748932549315685,-0.8318715955555411
-0.3155116583011298,0.012029000793005847,-0.3067455296126756,0.703891350085458
0.816488309416902,-0.7097110467873475,-0.3067455296126756,0.703891350085458
1.5218058619957033,0.7337690483733592,-1.1748932549315685,2.2396542957264574
-0.5824833321036568,-0.7097110467873475,-1.1748932549315685,-0.8318715955555411
0.10551791249867414,0.012029000793005847,-0.3067455296126756,0.703891350085458
1.1996652896400408,0.7337690483733592,-0.3067455296126756,2.2396542957264574
-1.5921242641201818,1.4555090959537125,0.5614021957062172,-0.8318715955555411
1.0604192759118936,0.012029000793005847,1.42954992102511,-0.8318715955555411
0.6840400198943937,0.012029000793005847,-1.1748932549315685,-0.8318715955555411
-0.1775536344224721,-0.7097110467873475,0.5614021957062172,1.215812331965791
-0.9864828148935435,1.4555090959537125,0.5614021957062172,-0.8318715955555411
-1.504970284304723,-1.4314510943677008,0.5614021957062172,0.1919703682051249
-1.364937165668554,-0.7097110467873475,-0.3067455296126756,0.703891350085458
1.676937083867555,-1.4314510943677008,-0.3067455296126756,0.703891350085458
1.4227021985766466,-1.4314510943677008,-0.3067455296126756,2.2396542957264574
-0.46842467543219396,0.7337690483733592,-0.3067455296126756,2.2396542957264574
1.253116868393857,0.7337690483733592,-0.3067455296126756,0.703891350085458
0.8328744025020742,0.012029000793005847,2.2976976463440026,-0.21756641729914145
0.7948787019421327,-1.4314510943677008,-1.1748932549315685,2.2396542957264574
-0.689887374552757,-1.4314510943677008,-1.1748932549315685,-0.8318715955555411
-0.6110337737673417,1.4555090959537125,-0.3067455296126756,0.703891350085458
1.2664976518302207,0.7337690483733592,-1.1748932549315685,2.2396542957264574
-0.7616570311659798,0.7337690483733592,-0.3067455296126756,-0.8318715955555411
-0.9653025373686043,1.4555090959537125,-0.3067455296126756,0.703891350085458
1.655112811417871,1.4555090959537125,1.42954992102511,-0.8318715955555411
0.27517479767310216,0.012029000793005847,-0.3067455296126756,-0.8318715955555411
-0.28946564134478586,-1.4314510943677008,-0.3067455296126756,-0.8318715955555411
-0.9800428656460958,-0.7097110467873475,0.5614021957062172,-0.8318715955555411
-0.6195488177723004,0.012029000793005847,-0.3067455296126756,-0.8318715955555411
-0.42978497994750764,1.4555090959537125,-0.3067455296126756,-0.8318715955555411
-0.2531872605841636,0.7337690483733592,1.42954992102511,0.703891350085458
0.2177876943791793,-0.7097110467873475,0.5614021957062172,-0.8318715955555411
-1.1342438726266495,-1.4314510943677008,-0.3067455296126756,2.2396542957264574
0.6179232076205975,0.7337690483733592,-0.3067455296126756,-0.8318715955555411
-1.2227573972832364,0.012029000793005847,-1.1748932549315685,2.2396542957264574
-1.366511375484597,-0.7097110467873475,0.5614021957062172,0.1919703682051249
-1.3803214888707904,-1.4314510943677008,-0.3067455296126756,2.2396542957264574
0.5216817438670729,0.7337690483733592,-1.1748932549315685,-0.8318715955555411
-1.207587739055915,1.4555090959537125,-0.3067455296126756,-0.8318715955555411
-1.6070792573725883,1.4555090959537125,0.5614021957062172,-0.8318715955555411
-0.7230888906729319,-1.4314510943677008,0.5614021957062172,2.2396542957264574
-0.964086102510753,-0.7097110467873475,-1.1748932549315685,-0.8318715955555411
1.0458936126093172,-1.4314510943677008,0.5614021957062172,1.215812331965791
1.6813019383574914,0.012029000793005847,0.5614021957062172,1.215812331965791
-0.08481836525922516,1.4555090959537125,-1.1748932549315685,-0.8318715955555411
-1.3403222485449762,-1.4314510943677008,1.42954992102511,-0.8318715955555411
-1.2382132754771107,0.012029000793005847,-1.1748932549315685,2.2396542957264574
-0.4056709477653978,0.012029000793005847,0.5614021957062172,-0.8318715955555411
-1.5574916481672407,0.7337690483733592,0.5614021957062172,-0.8318715955555411
-0.08660724005018286,0.7337690483733592,0.5614021957062172,0.1919703682051249
-1.271701011563839,1.4555090959537125,-1.1748932549315685,2.2396542957264574
-0.8511723257055033,-0.7097110467873475,-1.1748932549315685,-0.8318715955555411
-0.7814777638497912,0.012029000793005847,-1.1748932549315685,-0.8318715955555411
1.333974008945145,-0.7097110467873475,1.42954992102511,0.703891350085458
-1.070703040051832,0.012029000793005847,0.5614021957062172,-0.8318715955555411
1.3392690783263799,-0.7097110467873475,-0.3067455296126756,0.703891350085458
-0.20216855154605004,0.012029000793005847,-0.3067455296126756,0.703891350085458
0.2346031174141814,0.7337690483733592,-1.1748932549315685,-0.8318715955555411
-0.2882492064869345,1.4555090959537125,0.5614021957062172,0.1919703682051249
-1.4160274296983062,0.012029000793005847,-1.1748932549315685,2.2396542957264574
0.9441424144996432,0.7337690483733592,-1.1748932549315685,-0.8318715955555411
-0.9279508317334075,0.012029000793005847,-0.3067455296126756,-0.8318715955555411
0.768474910027597,-1.4314510943677008,-1.1748932549315685,2.2396542957264574
0.14079452337636,1.4555090959537125,-0.3067455296126756,-0.8318715955555411
1.5245965066695972,0.012029000793005847,1.42954992102511,-0.06399012273504157
0.025447876855407565,0.7337690483733592,-0.3067455296126756,-0.8318715955555411
-1.53681225558377,-1.4314510943677008,0.5614021957062172,1.215812331965791
-0.01104516888012965,0.7337690483733592,0.5614021957062172,-0.8318715955555411
0.2842622816111675,-0.7097110467873475,-1.1748932549315685,2.2396542957264574
-0.8320671429380749,0.7337690483733592,-0.3067455296126756,-0.8318715955555411
-0.2854585618130406,1.4555090959537125,3.1658453716628956,-0.3199506136752081
0.5995335747695519,-0.7097110467873475,-1.1748932549315685,2.2396542957264574
-0.5240944589267975,1.4555090959537125,1.42954992102511,-0.06399012273504157
-1.0538876170168294,0.012029000793005847,-1.1748932549315685,-0.8318715955555411
-0.320663617699088,-0.7097110467873475,-0.3067455296126756,-0.8318715955555411
-0.7464873729386587,-0.7097110467873475,-0.3067455296126756,0.703891350085458
1.3350473338197195,1.4555090959537125,-0.3067455296126756,-0.8318715955555411
0.013283528276895091,1.4555090959537125,-1.1748932549315685,-0.8318715955555411
-0.9938529790322893,0.7337690483733592,0.5614021957062172,-0.8318715955555411
-1.0763558843912584,-0.7097110467873475,0.5614021957062172,0.1919703682051249
1.4302870276903075,1.4555090959537125,-0.3067455296126756,0.703891350085458
-0.29905401022431916,-0.7097110467873475,-1.1748932549315685,-0.8318715955555411
-0.9857672649771605,-1.4314510943677008,0.5614021957062172,0.1919703682051249
-0.9826188453450749,0.7337690483733592,1.42954992102511,-0.06399012273504157
-1.7010309613936865,0.7337690483733592,-1.1748932549315685,-0.8318715955555411
-0.2620600795473138,-1.4314510943677008,-1.1748932549315685,-0.8318715955555411
1.6041656573713958,1.4555090959537125,-0.3067455296126756,2.2396542957264574
1.5115019431997871,0.012029000793005847,-0.3067455296126756,2.2396542957264574
-0.3907159545129916,-1.4314510943677008,-0.3067455296126756,0.703891350085458
-1.6770600391948534,1.4555090959537125,0.5614021957062172,-0.8318715955555411
1.4590521343289071,1.4555090959537125,1.42954992102511,-0.06399012273504157
-1.3427551182606787,0.7337690483733592,-0.3067455296126756,-0.8318715955555411
-0.2025978814958799,0.7337690483733592,-0.3067455296126756,-0.8318715955555411
-0.3616646279078386,0.7337690483733592,-0.3067455296126756,-0.8318715955555411
1.4821643966280806,0.012029000793005847,-0.3067455296126756,2.2396542957264574
1.1367684519899683,0.012029000793005847,-0.3067455296126756,0.703891350085458
1.5629499821877304,0.012029000793005847,-1.1748932549315685,-0.8318715955555411
-0.4279961051565499,-0.7097110467873475,0.5614021957062172,0.1919703682051249
-0.4502497075560638,1.4555090959537125,1.42954992102511,-0.06399012273504157
-1.0045862277780355,-0.7097110467873475,0.5614021957062172,0.1919703682051249
0.004052934355553423,0.7337690483733592,0.5614021957062172,-0.8318715955555411
-1.1051925460214964,0.7337690483733592,-0.3067455296126756,0.703891350085458
0.7010701079043113,-0.7097110467873475,3.1658453716628956,-0.3199506136752081
1.3015595977329912,-0.7097110467873475,0.5614021957062172,0.1919703682051249
1.761801303950588,0.012029000793005847,2.2976976463440026,-0.8318715955555411
-1.5720173114698175,1.4555090959537125,0.5614021957062172,1.215812331965791
-0.2024547715126034,0.012029000793005847,1.42954992102511,-0.06399012273504157
-0.18864465812640993,-0.7097110467873475,-1.1748932549315685,2.2396542957264574
-1.1071245307957307,-1.4314510943677008,1.42954992102511,0.703891350085458
-0.6003005250215956,0.012029000793005847,-1.1748932549315685,-0.8318715955555411
-0.23071899320973496,1.4555090959537125,-0.3067455296126756,-0.8318715955555411
-0.8339991277123093,-0.7097110467873475,0.5614021957062172,1.215812331965791
-0.8866636015581039,0.012029000793005847,-1.1748932549315685,-0.8318715955555411
1.3499307720804874,0.012029000793005847,-0.3067455296126756,0.703891350085458
-0.4110375721382709,-0.7097110467873475,-1.1748932549315685,2.2396542957264574
1.262919902248305,-0.7097110467873475,-0.3067455296126756,0.703891350085458
-0.9205806675946618,-0.7097110467873475,0.5614021957062172,0.1919703682051249
0.23810931200445856,0.012029000793005847,-0.3067455296126756,0.703891350085458
-1.098824151765687,0.012029000793005847,-0.3067455296126756,0.703891350085458
1.3665315301405752,-0.7097110467873475,-1.1748932549315685,2.2396542957264574
1.0963398817143242,0.7337690483733592,-1.1748932549315685,2.2396542957264574
-0.24667575634507757,0.7337690483733592,0.5614021957062172,1.215812331965791
-1.412521235108029,0.7337690483733592,3.1658453716628956,0.1919703682051249
-0.17318877993253542,0.7337690483733592,-0.3067455296126756,-0.8318715955555411
1.211042533310532,0.7337690483733592,-0.3067455296126756,0.703891350085458
0.48118161859979086,1.4555090959537125,-0.3067455296126756,-0.8318715955555411
-0.5751131679649111,0.012029000793005847,-0.3067455296126756,0.703891350085458
1.007754802066099,0.012029000793005847,0.5614021957062172,-0.8318715955555411
-0.38377512032407557,0.7337690483733592,-0.3067455296126756,0.703891350085458
0.6046139791758721,0.7337690483733592,0.5614021957062172,-0.8318715955555411
0.9827105549926911,-1.4314510943677008,-0.3067455296126756,0.703891350085458
0.8565591047343541,-0.7097110467873475,-1.1748932549315685,2.2396542957264574
0.1137467365370794,-0.7097110467873475,1.42954992102511,-0.8318715955555411
0.762607400713256,-0.7097110467873475,2.2976976463440026,-0.8318715955555411
0.560464549335036,1.4555090959537125,-0.3067455296126756,0.703891350085458
-1.5756666160433712,-0.7097110467873475,-0.3067455296126756,-0.8318715955555411
-1.36808558530064,-1.4314510943677008,-0.3067455296126756,0.703891350085458
-1.36300518089432,-0.7097110467873475,-0.3067455296126756,-0.8318715955555411
-0.47472151469636503,1.4555090959537125,0.5614021957062172,-0.8318715955555411
0.4130612665601218,-0.7097110467873475,-0.3067455296126756,0.703891350085458
0.10716367730635536,1.4555090959537125,-0.3067455296126756,-0.8318715955555411
0.201043826335815,-0.7097110467873475,2.2976976463440026,-0.8318715955555411
0.6381732702542384,1.4555090959537125,-1.1748932549315685,2.2396542957264574
0.9626751573339648,-1.4314510943677008,0.5614021957062172,0.1919703682051249
0.7792797137649815,-1.4314510943677008,0.5614021957062172,1.215812331965791
-0.30535084948849023,0.7337690483733592,-1.1748932549315685,-0.8318715955555411
1.2041016991216158,0.7337690483733592,-1.1748932549315685,-0.8318715955555411
1.0857497429518548,0.7337690483733592,-0.3067455296126756,2.2396542957264574
-0.948272449358687,-1.4314510943677008,-0.3067455296126756,-0.8318715955555411
-0.8493834509145455,0.012029000793005847,-0.3067455296126756,0.703891350085458
-0.23036121825154335,-0.7097110467873475,0.5614021957062172,-0.8318715955555411
1.5543633831911337,0.012029000793005847,-1.1748932549315685,-0.8318715955555411
-0.8524603155549926,0.012029000793005847,-1.1748932549315685,-0.8318715955555411
0.6299444462158328,1.4555090959537125,0.5614021957062172,1.215812331965791
0.3406476150221541,-0.7097110467873475,-1.1748932549315685,-0.8318715955555411
-0.5466342812928646,0.012029000793005847,-0.3067455296126756,-0.8318715955555411
0.9312625160047476,0.012029000793005847,0.5614021957062172,0.1919703682051249
-0.6763634811331168,0.012029000793005847,-0.3067455296126756,0.703891350085458
